year,month,Alor Gajah,Alor Setar,Balik Pulau,Balok Baru Kuantan,Bandaraya Melaka,Banting,Batu Muda,Batu Pahat,Besut,Bintulu,Bukit Rambai,Cheras,Indera Mahkota Kuantan,Jerantut,Kangar,Kapit,Kemaman,Keningau,Kimanis,Klang,Kluang,Kota Bharu,Kota Kinabalu,Kota Tinggi,Kuala Selangor,Kuala Terengganu,Kuching,Kulim,Labuan,Langkawi,Larkin,Limbang,Minden,Miri,Muar,Mukah,Nilai,Paka,Pasir Gudang,Pegoh Ipoh,Pengerang,Petaling Jaya,Port Dickson,Putrajaya,Rompin,Samalaju,Samarahan,Sandakan,Sarikei,Seberang Jaya,Seberang Perai,Segamat,Seremban,Seri Manjung,Shah Alam,Sibu,Sri Aman,Sungai Petani,Taiping,Tanah Merah,Tangkak,Tanjung Malim,Tasek Ipoh,Tawau,Temerloh,AQI,date
2005,10,,26.62,,52.24,42.34,45.79,37.92,,,39.88,59.85,,37.48,43.47,51.37,31.29,36.39,21.28,,47.73,,31.95,29.52,54.02,51.4,37.56,39.0,,26.98,36.03,35.86,20.8,31.16,27.61,41.84,,52.03,27.03,43.83,41.3,,48.03,,45.0,,,39.16,35.63,38.12,37.23,39.18,,41.05,45.77,39.84,37.5,31.28,40.56,40.87,34.66,,33.31,37.73,51.9,,39.15,2005-10-01
2005,11,,26.22,,46.98,44.18,41.57,31.63,,,43.92,54.92,,29.35,42.35,51.65,23.32,28.78,20.1,,45.7,,33.37,26.5,50.18,48.9,38.33,38.78,,28.27,37.27,34.83,21.47,32.03,29.15,37.77,,46.57,25.67,35.07,40.67,,44.9,,37.91,,,37.76,40.63,42.9,38.12,38.45,,39.95,47.38,38.08,37.63,29.61,40.2,34.83,35.23,,26.25,34.63,49.72,,37.34,2005-11-01
2005,12,,26.69,,47.65,46.1,46.29,38.33,,,44.89,58.82,,32.82,38.92,53.41,28.67,32.65,36.08,,52.45,,33.55,29.21,47.73,47.87,39.87,37.84,,28.95,37.69,31.64,25.0,30.21,28.75,35.34,,46.97,26.69,33.42,44.82,,51.53,,36.94,,,39.79,38.56,41.9,41.37,38.97,,38.58,46.45,43.94,35.03,29.4,37.52,39.32,33.6,,25.03,33.48,48.13,,38.55,2005-12-01
2006,01,,40.15,,50.38,51.11,48.6,40.32,,,40.55,61.76,,40.66,41.02,58.19,30.07,42.18,38.21,,59.55,,47.9,36.58,47.25,51.82,53.74,37.44,,26.89,43.63,38.69,22.69,40.55,26.33,38.66,,50.06,32.13,32.98,49.98,,52.85,,47.58,,,41.15,43.08,39.36,52.73,47.9,,41.02,54.29,47.95,37.31,36.27,47.48,47.1,38.82,,31.18,41.29,53.08,,43.28,2006-01-01
2006,02,,34.12,,48.45,42.19,40.43,34.36,,,43.11,58.26,,38.5,37.07,56.27,28.39,47.79,34.48,,57.84,,38.57,40.77,47.88,50.35,50.61,38.21,,27.27,42.04,40.45,25.64,35.79,32.63,36.82,,42.18,31.39,34.7,45.77,,50.46,,43.45,,,38.12,43.8,41.0,46.62,44.54,,34.0,52.04,53.21,36.82,36.46,42.21,47.15,33.55,,26.76,40.34,54.8,,41.38,2006-02-01
2006,03,,42.19,,54.58,51.29,54.61,50.58,,,46.47,65.85,,41.92,44.03,58.87,31.02,41.13,40.65,,65.08,,40.85,40.9,57.95,58.37,52.89,45.67,,29.44,46.31,51.0,28.77,41.74,38.31,54.92,,58.95,29.76,39.79,50.98,,57.5,,56.25,,,40.53,44.29,45.24,49.63,49.18,,51.03,59.15,61.31,45.1,43.34,50.89,48.19,40.18,,36.95,49.82,53.74,,47.7,2006-03-01
2006,04,,35.48,,49.95,47.97,46.88,44.97,,,46.02,60.6,,38.2,42.02,53.38,27.16,33.57,38.75,,52.88,,37.1,40.25,52.93,52.57,50.83,38.08,,28.13,42.63,49.5,21.27,32.68,29.53,47.43,,55.83,27.85,43.52,47.1,,51.88,,48.62,,,38.93,43.88,43.82,46.88,42.9,,42.27,56.89,52.42,39.93,36.73,48.83,42.1,35.9,,30.7,44.58,50.69,,43.12,2006-04-01
2006,05,,35.48,,50.95,46.16,47.95,44.76,,,44.22,60.83,,36.18,35.39,28.68,31.87,39.85,38.61,,49.9,,33.05,36.07,55.45,50.77,50.85,40.03,,29.92,40.68,53.53,22.47,29.92,26.64,47.5,,55.44,30.3,48.79,42.68,,48.66,,45.0,,,39.93,45.45,37.25,50.69,46.4,,46.55,55.82,49.29,40.76,31.32,45.97,41.58,31.5,,33.57,43.48,47.65,,42.16,2006-05-01
2006,06,,35.48,,48.7,38.78,51.45,45.87,,,44.25,61.17,,37.42,39.22,27.36,29.35,47.98,36.6,,56.55,,35.65,30.45,54.18,56.71,47.23,37.43,,28.65,40.98,49.75,22.15,30.53,27.06,49.55,,56.97,33.05,50.45,42.73,,52.59,,46.95,,,38.12,26.21,24.79,50.65,49.52,,45.68,55.45,50.48,42.03,34.23,46.63,40.5,30.4,,37.22,43.83,49.96,,42.02,2006-06-01
2006,07,,46.97,,51.4,42.35,55.73,54.05,,,52.31,63.26,,44.65,51.26,41.98,33.11,52.66,46.79,,71.84,,42.35,41.81,53.65,72.19,53.23,48.44,,41.52,50.06,49.35,32.9,46.92,35.79,53.84,,59.6,37.69,54.02,56.65,,57.15,,53.89,,,36.66,35.8,38.77,62.9,60.56,,52.29,71.74,58.23,48.3,47.84,59.52,56.16,34.82,,57.1,56.39,53.38,,50.61,2006-07-01
2006,08,,42.43,,58.56,52.82,57.37,54.9,,,66.42,69.69,,48.42,53.77,32.61,55.13,53.6,48.84,,64.55,,42.18,45.68,60.4,68.98,53.82,76.44,,50.95,43.76,56.74,37.85,32.95,44.48,61.68,,63.69,40.85,59.35,53.57,,56.79,,56.68,,,70.66,38.39,59.44,52.85,50.69,,57.62,50.92,58.74,64.03,75.02,47.65,51.67,37.5,,53.77,52.44,55.5,,53.94,2006-08-01
2006,09,,33.27,,57.83,51.37,53.93,48.23,,,55.62,61.52,,49.67,44.87,28.6,46.82,47.22,46.25,,53.18,,32.77,46.9,64.65,62.9,46.87,60.08,,43.82,43.2,56.48,33.55,32.52,35.08,55.45,,60.42,35.84,46.96,46.1,,46.38,,54.07,,,49.87,37.53,59.76,50.13,47.78,,53.57,59.71,54.82,55.95,70.58,41.37,39.72,43.08,,45.77,45.33,54.78,,48.82,2006-09-01
2006,10,,36.43,,71.9,74.21,69.65,65.93,,,63.81,81.19,,52.98,55.9,34.47,66.5,54.0,55.79,,62.74,,42.85,54.69,87.95,82.58,52.21,78.68,,48.56,44.79,79.47,45.61,43.6,47.87,78.47,,81.06,41.98,64.26,53.52,,63.31,,71.39,,,75.94,46.95,80.05,58.13,49.21,,74.76,74.19,72.27,77.52,94.89,45.35,47.31,52.6,,59.45,55.53,70.77,,62.11,2006-10-01
2006,11,,29.62,,55.23,34.82,43.47,39.34,,,43.4,55.45,,34.03,34.02,36.1,43.67,30.43,41.52,,41.2,,35.35,38.33,53.07,51.63,33.23,41.57,,30.55,42.9,46.55,25.53,32.43,27.8,41.58,,47.15,25.67,40.43,41.7,,39.92,,44.35,,,35.52,37.88,40.17,51.97,44.62,,36.65,52.62,46.07,49.52,44.13,37.97,40.87,48.15,,29.35,42.12,57.47,,40.76,2006-11-01
2006,12,,37.11,,54.11,34.59,43.71,37.69,,,36.21,57.31,,32.71,32.89,43.21,23.89,41.44,38.73,,40.71,,41.69,36.45,43.76,53.4,43.24,32.17,,26.74,42.82,39.71,21.94,34.24,23.31,36.24,,45.87,31.89,39.86,45.56,,38.82,,40.88,,,23.02,26.97,32.55,53.34,41.26,,33.26,53.62,47.05,40.61,31.65,42.63,48.71,51.84,,30.37,43.79,54.92,,39.36,2006-12-01
2007,01,,37.59,,50.26,33.82,40.6,31.05,,,34.03,58.08,,32.13,32.33,43.15,26.55,42.45,36.13,,43.67,,41.82,42.16,43.89,52.95,44.48,33.4,,25.68,46.4,44.31,21.77,34.45,25.74,37.29,,41.98,31.53,39.84,46.5,,37.84,,52.0,,,25.45,26.6,35.11,49.87,41.21,,30.56,52.09,39.79,42.31,36.33,47.65,48.18,51.98,,32.35,46.16,53.15,,39.69,2007-01-01
2007,02,,40.36,,52.21,39.27,43.27,40.93,,,33.82,57.79,,33.91,31.87,41.77,30.16,38.43,39.21,,55.19,,41.45,44.75,52.39,61.82,49.98,42.52,,26.62,46.65,51.36,25.94,38.2,28.11,40.86,,51.39,31.71,43.16,48.59,,41.79,,49.66,,,29.05,39.2,36.25,55.98,45.18,,34.61,58.66,53.11,45.61,35.29,48.09,55.73,50.25,,38.14,50.29,55.59,,43.39,2007-02-01
2007,03,,37.35,,47.58,42.35,52.66,42.5,,,41.61,62.97,,34.73,34.23,39.98,37.2,36.3,44.05,,49.89,,42.42,43.06,54.45,34.37,50.05,41.94,,34.4,46.38,53.19,27.23,37.55,35.92,47.94,,62.03,28.27,44.85,51.39,,50.02,,59.31,,,28.08,41.48,38.37,60.78,49.52,,45.9,47.77,51.33,48.27,39.48,49.98,50.88,50.5,,40.03,53.92,52.5,,44.84,2007-03-01
2007,04,,31.77,,45.25,40.4,42.87,41.57,,,40.25,57.17,,27.24,42.7,35.75,30.02,33.07,44.33,,42.48,,38.08,38.47,55.57,35.42,42.77,42.27,,38.89,37.06,52.5,23.8,33.27,29.75,43.83,,53.3,26.93,43.05,48.95,,49.4,,35.44,,,26.72,37.82,41.33,51.35,45.67,,36.2,45.12,51.93,44.12,39.57,45.28,47.5,49.8,,32.58,49.59,52.82,,41.24,2007-04-01
2007,05,,34.38,,41.74,34.27,44.68,43.76,,,43.98,51.06,,29.23,43.95,34.24,32.71,35.48,38.84,,41.48,,35.27,32.95,51.82,36.23,44.32,39.55,,29.23,38.93,51.88,20.69,30.65,25.0,42.68,,55.18,28.1,44.25,48.63,,41.47,,42.07,,,26.76,33.23,23.03,52.27,46.1,,40.26,45.05,44.61,44.9,42.61,48.0,46.81,44.95,,38.18,51.34,49.82,,40.14,2007-05-01
2007,06,,35.14,,47.3,38.42,46.27,44.79,,,47.29,54.12,,37.12,41.57,33.53,27.05,38.0,37.87,,47.53,,40.2,33.61,58.97,51.77,45.47,40.97,,27.91,39.1,55.77,20.22,31.87,22.77,46.92,,59.17,29.17,48.97,48.72,,45.34,,44.67,,,26.0,32.37,35.33,51.45,45.42,,43.47,44.35,43.81,42.48,44.73,42.2,43.81,48.88,,38.02,46.04,51.82,,41.79,2007-06-01
2007,07,,37.08,,53.26,39.67,51.4,46.33,,,54.55,51.79,,38.52,46.0,39.85,35.27,41.19,38.97,,51.77,,41.1,41.77,58.4,51.0,47.44,45.06,,33.94,38.92,53.69,25.35,36.23,34.11,46.97,,61.6,31.85,45.17,53.27,,50.17,,44.89,,,27.79,34.19,40.32,57.52,47.08,,44.16,50.4,50.21,45.39,48.95,50.48,53.04,48.39,,45.24,52.84,53.19,,45.22,2007-07-01
2007,08,,39.94,,53.47,39.54,49.72,44.53,,,56.58,53.45,,39.93,48.05,38.0,41.52,44.02,41.23,,49.92,,37.63,42.0,60.35,48.15,44.48,51.47,,38.13,37.76,52.98,28.77,36.32,34.92,47.85,,62.73,34.98,52.47,50.44,,49.63,,44.61,,,34.06,41.0,41.86,54.56,48.11,,44.76,44.42,52.44,45.69,49.3,47.32,44.63,45.44,,42.0,48.18,53.47,,45.57,2007-08-01
2007,09,,33.95,,53.42,37.13,48.65,43.7,,,52.27,50.18,,38.7,42.42,36.29,38.36,46.66,40.22,,51.17,,33.7,41.8,55.86,42.37,36.93,51.28,,38.35,38.09,50.92,33.47,36.13,29.63,46.55,,57.73,33.13,46.73,47.37,,40.48,,43.52,,,34.67,44.05,47.04,46.65,43.22,,43.03,42.22,45.87,43.98,44.17,44.22,43.4,41.13,,43.07,41.1,56.55,,43.3,2007-09-01
2007,10,,26.65,,51.26,39.53,49.06,38.39,,,50.56,47.78,,29.75,28.69,31.5,39.79,40.85,38.32,,50.3,,35.95,33.85,55.31,32.5,35.84,47.92,,33.57,28.4,54.56,39.44,33.44,30.13,40.73,,56.7,30.69,45.06,34.77,,43.02,,41.81,,,41.18,38.73,41.06,40.79,40.34,,41.05,36.05,42.63,45.0,43.98,38.37,39.19,43.15,,34.24,37.95,56.66,,40.34,2007-10-01
2007,11,,34.23,,58.4,41.0,49.48,39.79,,,49.8,51.32,,27.38,33.62,41.57,29.88,41.87,38.95,,49.88,,36.47,28.03,49.8,34.95,34.83,47.83,,29.55,34.95,50.2,23.87,37.52,30.97,41.33,,59.53,32.97,39.75,39.85,,41.41,51.88,41.68,,,45.58,37.43,40.67,46.18,42.27,,42.13,40.62,44.43,42.12,40.98,41.9,44.34,43.82,,33.05,39.75,55.7,,41.11,2007-11-01
2007,12,,27.61,,61.92,28.87,46.29,34.47,,,38.23,52.72,,25.8,26.15,40.34,26.05,40.71,37.56,,54.02,,43.58,28.85,44.79,36.9,44.9,43.79,,25.29,31.65,44.93,23.55,29.68,26.59,34.81,,47.55,39.13,33.6,40.08,,39.66,43.1,39.56,,,40.45,34.63,36.61,43.32,38.85,,36.55,40.73,48.26,36.57,34.1,36.21,46.81,51.7,,30.13,37.73,49.31,,38.49,2007-12-01
2008,01,,35.92,,62.32,31.61,46.63,37.32,,,44.26,53.42,,27.11,29.47,41.56,29.32,42.13,43.71,,55.42,,45.22,32.23,42.5,34.76,51.44,47.32,,28.79,35.89,45.79,31.11,37.4,26.95,40.48,,45.27,38.35,30.87,39.29,,43.0,45.48,43.02,,,40.5,36.29,28.47,46.36,38.82,,35.35,43.97,56.67,37.22,35.21,41.53,48.29,50.03,,30.72,39.87,42.58,,40.34,2008-01-01
2008,02,,44.1,,66.21,40.62,51.73,43.5,,,42.86,57.83,,37.22,41.62,45.57,32.14,45.93,42.27,,67.12,,46.74,35.91,48.73,49.78,54.28,50.45,,37.28,41.55,50.36,27.57,44.69,32.05,44.09,,52.43,39.19,35.86,44.83,,50.52,54.69,50.76,,,48.69,31.33,27.67,51.12,43.81,,43.29,51.86,66.79,37.34,41.45,44.17,55.66,53.62,,41.4,47.02,42.53,,45.56,2008-02-01
2008,03,,35.28,,60.4,32.62,41.31,37.98,,,39.02,52.47,,37.8,40.98,35.24,25.4,34.51,34.21,,54.45,,42.47,30.19,46.81,35.84,49.27,44.61,,28.4,29.44,37.36,21.42,32.74,27.45,40.37,,42.35,38.21,33.95,39.18,,40.98,40.4,39.6,,,41.97,35.74,28.83,46.34,35.82,,34.66,42.42,53.47,28.67,35.1,40.32,46.0,48.02,,33.71,42.76,42.94,,38.79,2008-03-01
2008,04,,34.22,,57.9,41.62,47.0,44.43,,,51.93,50.03,,36.03,37.93,35.17,26.93,38.63,37.05,,54.78,,37.26,30.83,51.85,35.4,48.2,32.45,,30.93,30.67,45.72,22.6,33.85,27.0,46.58,,51.52,31.6,45.63,43.67,,41.48,42.08,42.45,,,47.08,40.57,31.82,44.25,35.66,,39.95,45.84,53.85,38.63,34.35,38.0,45.41,46.98,,40.73,44.87,39.97,,40.67,2008-04-01
2008,05,,38.74,,58.85,44.85,52.48,48.69,,,57.11,53.57,,36.15,47.73,31.52,38.12,47.32,39.24,,66.03,,34.68,36.44,55.37,57.62,52.58,37.05,,38.66,30.57,42.85,33.14,39.17,34.48,54.27,,58.94,41.95,54.42,52.85,,46.68,43.44,50.05,,,47.55,38.21,43.84,51.55,41.21,,48.23,43.1,60.12,44.77,31.9,43.55,53.93,49.37,,46.8,49.74,39.25,,45.77,2008-05-01
2008,06,,38.27,,57.45,36.32,46.17,44.85,,,53.39,51.35,,35.66,47.28,31.52,29.9,41.12,36.2,,57.59,,34.25,29.88,45.07,52.3,49.02,32.68,,35.47,31.4,38.65,26.47,33.78,28.68,49.62,,54.13,37.07,53.48,48.47,,41.03,37.97,43.4,,,46.76,33.7,41.93,49.77,40.67,,43.12,37.13,54.2,33.02,24.85,44.85,50.58,44.23,,41.75,46.95,38.92,,41.65,2008-06-01
2008,07,,41.07,,55.72,38.47,46.59,41.28,,,45.86,47.9,,30.75,46.42,34.68,29.92,34.14,36.66,,57.26,,34.68,28.69,44.78,50.6,47.92,29.7,,34.28,32.53,35.83,26.31,36.85,23.88,49.47,,53.22,34.22,59.39,44.4,,44.13,40.76,39.9,,,43.82,33.57,39.53,52.92,47.43,,43.07,35.85,51.88,32.43,25.74,50.39,50.24,42.07,,49.6,43.33,34.0,,41.08,2008-07-01
2008,08,,51.61,,56.38,41.61,50.17,49.51,,,48.44,52.34,38.0,29.76,47.85,43.21,37.26,36.05,43.29,,65.2,,37.05,32.68,53.71,49.81,50.02,35.47,,38.16,36.49,38.77,34.24,42.39,31.81,52.48,,58.45,36.28,53.64,50.37,,49.36,44.1,48.45,,,48.88,34.92,40.15,64.42,47.82,,47.03,46.68,58.62,42.26,32.67,55.42,60.1,50.02,,52.11,48.76,36.15,,45.69,2008-08-01
2008,09,,37.91,,55.49,37.4,45.85,38.94,,,45.18,45.93,,35.93,46.2,29.49,38.0,37.42,39.5,,55.25,,34.65,31.25,49.29,41.08,48.96,37.67,,36.76,26.89,37.72,32.78,30.35,29.73,48.51,,52.55,45.36,49.2,39.73,,44.58,42.89,41.06,,,48.29,34.18,43.48,51.58,37.51,,41.27,35.15,49.87,42.29,33.64,43.52,49.74,47.89,,41.91,40.36,35.64,,41.32,2008-09-01
2008,10,,29.26,,56.91,36.9,40.69,32.32,,,39.1,41.76,,29.83,37.69,27.26,30.71,33.9,39.35,,46.75,,33.87,28.54,52.5,32.41,45.29,26.87,,32.19,25.08,41.96,24.55,25.67,24.94,44.04,,49.02,43.1,52.96,32.22,,36.63,37.4,37.08,,,43.77,27.92,36.06,43.65,32.58,,36.15,26.06,42.89,33.96,23.71,37.32,41.25,44.43,,34.6,34.32,36.22,,36.47,2008-10-01
2008,11,,33.0,,58.5,37.58,40.78,32.63,,,42.88,40.71,,31.98,32.27,34.12,32.33,29.14,38.98,,52.29,,33.53,29.58,50.93,40.61,38.0,28.72,,32.8,31.62,37.94,18.96,30.58,26.35,37.69,,49.71,34.46,54.78,38.12,,31.04,35.76,39.0,,,43.27,28.22,34.06,49.18,37.06,,34.02,35.57,42.96,35.1,23.33,38.31,46.3,40.1,,33.0,35.65,36.37,,37.0,2008-11-01
2008,12,,35.9,,65.88,39.36,45.02,34.91,,,42.14,46.66,,31.02,34.07,37.0,30.88,32.12,43.33,,50.3,,35.14,32.92,40.5,34.34,41.8,23.02,,36.4,28.38,33.06,20.92,34.58,24.44,43.32,,46.31,40.74,51.34,43.59,,31.88,38.3,41.53,,,39.12,25.04,34.51,43.64,31.74,,34.08,32.18,49.52,32.12,22.69,34.48,46.96,45.44,,32.22,38.28,36.82,,37.4,2008-12-01
2009,01,,42.97,,71.97,41.86,43.0,37.22,,,38.46,50.93,,36.75,40.92,43.4,27.08,37.61,39.29,,59.02,,45.77,29.69,44.03,46.65,55.76,24.43,,38.84,36.12,34.47,18.27,42.15,22.26,44.08,,43.44,48.42,52.58,45.18,,37.48,39.8,40.62,,,42.23,26.63,39.88,48.75,39.6,,35.31,39.28,53.82,36.3,22.25,41.78,47.23,57.87,,34.79,40.77,34.07,,40.82,2009-01-01
2009,02,,48.94,,69.4,50.35,53.3,47.0,,,47.72,53.71,56.08,37.45,43.06,47.98,36.56,34.79,45.15,,59.75,,52.15,32.19,45.45,48.05,57.07,27.69,,44.02,38.37,37.65,24.69,44.35,32.31,48.37,,53.22,38.45,53.24,46.07,,43.13,44.0,47.13,,,44.0,25.4,42.35,57.69,51.09,,43.78,45.27,55.8,37.8,31.65,52.06,52.72,60.32,,41.04,48.27,36.65,,45.39,2009-02-01
2009,03,,30.53,,60.25,41.83,41.79,42.65,,,45.72,47.14,46.82,34.15,43.72,35.62,29.07,25.56,41.27,,47.98,,35.12,36.47,42.35,35.6,46.47,22.9,,38.07,27.6,34.47,18.25,28.83,25.44,36.77,,48.1,28.24,47.22,38.86,,37.1,38.2,40.34,,,39.59,27.07,33.42,45.0,39.63,,34.79,29.57,46.35,27.12,26.88,36.68,45.4,49.08,,34.86,40.29,37.08,,37.52,2009-03-01
2009,04,,25.09,,55.95,43.56,42.43,40.91,,,43.07,49.41,46.34,41.52,47.63,34.71,30.47,32.53,47.52,,46.87,,38.22,42.02,50.89,43.18,54.36,24.05,,38.23,33.12,38.28,24.69,26.09,30.5,41.09,,48.61,31.81,52.16,38.62,,38.45,45.12,39.67,,,40.21,26.72,32.23,40.84,34.29,,33.98,38.22,45.7,32.31,28.51,37.64,40.43,51.12,,37.07,36.51,34.24,,39.16,2009-04-01
2009,05,,34.8,,56.23,47.35,46.38,45.28,,,49.65,50.57,49.23,39.86,27.95,33.68,34.73,37.28,44.98,,54.25,,39.71,32.9,55.33,49.6,42.69,29.36,,40.66,36.95,42.8,22.47,31.63,37.97,49.02,,53.6,34.42,55.4,40.53,,43.07,50.25,45.2,,,47.14,24.47,32.65,45.91,36.79,,44.02,37.13,50.98,38.22,28.59,36.0,43.05,49.14,,44.22,41.69,30.34,,41.49,2009-05-01
2009,06,,49.91,,57.55,53.16,59.24,62.11,,,51.34,57.59,64.73,43.83,40.41,35.53,40.47,43.02,48.4,,71.83,,47.33,33.8,46.17,61.79,51.37,33.24,,36.28,40.33,45.34,23.54,40.09,46.22,51.67,,61.18,42.14,57.84,53.81,,60.32,57.6,54.7,,,50.28,27.88,36.23,56.98,47.57,,51.09,52.48,64.09,41.88,29.28,48.52,59.84,54.25,,55.79,53.84,31.77,,48.74,2009-06-01
2009,07,,51.66,,61.22,52.77,60.83,62.13,,,54.87,58.52,63.21,46.11,46.71,37.62,45.72,44.73,50.11,,73.48,,46.11,34.53,51.1,73.52,54.07,37.2,,40.48,36.81,48.38,28.23,43.85,37.49,65.15,,60.32,42.89,66.37,52.42,,59.11,57.98,55.36,,,50.5,31.07,39.18,56.5,47.57,,51.87,54.61,61.79,45.53,37.5,52.41,55.97,53.13,,65.9,52.28,38.0,,50.88,2009-07-01
2009,08,,38.27,,58.89,53.43,53.58,48.72,,,54.56,53.42,54.74,43.65,35.39,31.7,49.56,41.69,51.37,,62.0,,41.36,42.03,53.18,60.42,45.11,54.47,,45.32,32.42,49.34,38.69,27.23,62.64,55.38,,55.44,37.99,53.66,42.13,,49.09,56.77,49.27,,,75.11,34.21,54.71,38.97,34.64,,48.85,39.81,51.39,69.62,59.29,35.07,41.11,46.24,,48.13,39.47,47.51,,47.98,2009-08-01
2009,09,,33.26,,55.17,46.09,48.14,42.97,,,58.28,49.53,48.18,37.45,36.13,29.38,59.25,40.39,47.78,,56.21,,36.42,39.01,54.53,48.46,43.11,57.25,,52.8,24.23,53.5,37.16,23.15,47.18,56.88,,51.03,39.91,58.99,37.0,,45.01,51.04,38.03,,,72.09,38.41,63.23,37.22,32.98,,44.66,38.87,46.89,63.21,68.05,33.31,43.2,45.1,,44.78,38.31,56.67,,46.08,2009-09-01
2009,10,,25.0,,58.58,40.1,46.5,40.44,,,42.5,46.93,45.62,27.79,31.39,28.39,36.95,37.71,39.79,,52.24,,36.41,26.68,51.05,44.12,32.59,31.11,,37.93,25.92,52.41,19.18,22.26,32.36,49.66,,53.19,32.89,53.19,32.88,,46.36,49.67,38.43,,,48.89,25.81,35.99,46.34,35.06,,44.94,35.99,46.78,38.96,31.7,32.49,39.5,41.78,,37.06,33.93,42.6,,38.94,2009-10-01
2009,11,,22.59,,55.21,29.09,36.11,33.96,,,39.98,45.52,35.55,22.78,18.76,32.51,34.41,26.0,34.26,,45.61,,37.09,26.79,37.98,34.39,33.88,25.99,,29.79,30.13,36.07,18.0,26.0,24.55,39.09,,44.5,28.64,45.61,32.6,,32.82,42.7,28.89,,,40.65,23.41,28.78,41.59,31.39,,32.16,33.9,39.56,34.38,28.33,30.85,38.24,43.28,,31.06,31.74,39.12,,33.65,2009-11-01
2009,12,,33.26,,63.5,33.13,38.0,36.92,,,39.2,51.79,38.31,29.33,19.2,42.33,30.63,32.57,34.65,,53.73,,43.42,32.86,35.06,40.88,50.42,25.62,,28.76,35.65,37.9,20.85,30.56,19.85,40.31,,43.01,42.92,37.37,36.79,,38.22,40.06,29.74,,,37.12,25.9,23.52,42.33,34.41,,30.89,33.37,50.35,31.57,22.87,33.8,42.09,53.39,,31.89,41.59,40.35,,36.51,2009-12-01
2010,01,,36.97,,64.01,36.0,43.78,39.18,,,39.94,52.08,43.6,32.24,21.33,42.36,30.68,32.36,33.64,,55.23,,43.73,33.64,39.85,46.38,51.07,24.23,,33.12,37.37,39.44,23.43,36.75,17.62,35.91,,44.2,38.76,38.95,37.7,,40.48,43.75,34.3,,,39.98,26.71,24.13,47.34,38.62,,33.75,39.89,52.11,34.47,28.31,41.32,48.12,58.34,,34.39,44.48,40.03,,38.75,2010-01-01
2010,02,,37.94,,62.58,38.93,52.63,49.1,,,45.45,48.58,50.37,32.88,25.7,36.6,33.63,29.09,43.03,,59.83,,44.14,44.73,39.17,52.18,50.58,24.23,,42.13,37.51,37.93,31.3,34.43,23.13,40.5,,51.18,37.39,47.55,41.02,,47.01,46.87,44.85,,,46.02,27.87,31.63,44.26,39.11,,36.96,44.32,55.35,45.73,31.46,40.58,45.2,58.14,,36.6,40.54,39.58,,41.72,2010-02-01
2010,03,,34.5,,64.46,45.57,52.28,48.52,,,48.87,52.57,53.72,35.62,36.3,38.74,37.36,31.15,44.39,,56.63,,42.47,53.43,40.46,41.5,49.28,23.36,,42.92,38.06,44.01,41.22,35.29,33.69,47.71,,55.23,36.66,49.81,40.37,,45.73,50.62,43.8,,,46.73,29.14,28.96,46.48,39.73,,43.0,38.46,51.18,44.05,31.41,41.12,43.16,58.15,,40.14,41.56,40.43,,43.14,2010-03-01
2010,04,,29.08,,55.52,38.75,,46.26,,,43.7,46.8,51.99,33.66,30.6,46.81,29.65,33.74,34.74,,53.96,,42.48,40.4,40.75,28.64,48.08,24.33,,33.98,32.75,40.7,27.24,33.11,31.99,39.26,,51.99,29.77,43.52,38.62,,45.65,46.86,40.08,,,43.65,27.58,28.2,49.07,40.35,,38.72,36.38,48.34,33.86,29.1,40.87,38.97,56.98,,38.82,40.49,42.33,,39.38,2010-04-01
2010,05,,26.42,,56.83,42.84,48.87,51.33,,,43.08,48.94,47.84,34.18,31.22,36.76,24.75,52.6,30.23,,58.54,,42.63,31.6,45.13,33.64,45.27,22.23,,37.92,36.38,42.85,20.49,33.06,22.88,40.15,,53.19,30.47,43.41,40.56,,48.33,45.96,39.86,,,40.63,21.75,27.43,47.14,39.44,,41.24,41.71,52.25,33.55,26.6,44.46,39.79,53.06,,42.63,38.39,33.47,,39.49,2010-05-01
2010,06,,21.28,,54.52,34.28,44.31,46.62,,,37.15,46.31,44.35,32.92,43.46,30.51,28.12,38.64,31.82,,52.78,,38.42,31.4,46.13,33.7,43.28,23.02,,47.36,35.0,40.6,21.59,30.7,24.6,47.1,,51.6,32.7,49.68,33.72,,43.11,45.13,40.65,,,41.89,21.36,26.65,49.97,40.06,,39.02,34.44,46.46,34.17,29.55,42.09,35.43,46.97,,38.75,35.18,36.83,,38.14,2010-06-01
2010,07,,26.27,,58.31,33.16,46.73,45.18,,,38.33,44.32,46.69,34.15,46.22,33.56,31.47,36.52,28.44,,51.83,,36.49,33.22,49.66,40.17,43.72,24.01,,41.94,26.05,43.03,19.39,28.09,22.67,47.44,,51.4,29.68,47.82,33.93,,42.69,45.32,41.3,,,41.77,25.24,24.7,49.48,39.27,,44.19,37.36,47.04,33.87,24.31,41.44,39.82,46.52,,37.56,36.17,37.83,,38.35,2010-07-01
2010,08,,34.17,,57.11,37.72,45.25,43.47,,,39.1,41.32,45.96,34.55,45.68,38.61,31.4,35.95,30.92,,50.64,,38.68,32.23,43.76,44.16,48.44,30.7,,44.58,28.59,38.56,21.32,32.6,24.86,40.31,,53.34,35.05,46.86,39.11,,40.2,42.5,38.79,,,44.45,26.78,37.03,50.4,44.06,,42.14,39.97,48.22,32.23,29.89,48.27,45.88,46.55,,41.63,41.49,35.25,,39.82,2010-08-01
2010,09,,24.27,,55.7,41.67,47.78,42.42,,,36.45,45.26,46.39,31.14,27.51,34.28,26.8,31.81,29.74,,53.39,,39.02,32.71,44.77,40.41,44.33,27.0,,41.55,22.58,43.84,20.13,25.96,22.51,50.06,,55.42,34.45,46.42,38.38,,40.21,46.62,41.81,,,41.31,30.18,32.46,45.79,39.27,,42.05,34.31,48.01,32.88,28.57,36.05,34.57,45.62,,35.28,35.95,37.06,,37.89,2010-09-01
2010,10,,32.42,,62.54,50.31,50.49,42.19,,,43.22,51.37,46.61,36.58,33.05,34.64,29.77,37.32,29.07,,52.21,,44.94,36.45,56.48,42.93,49.24,27.66,,41.24,26.16,51.33,24.69,28.16,27.77,72.91,,60.84,41.7,56.15,43.63,,45.09,49.31,47.73,,,41.92,30.7,38.08,45.69,39.26,,46.98,38.02,51.59,37.29,28.72,42.4,36.85,51.38,,37.49,36.76,40.45,,42.15,2010-10-01
2010,11,,25.82,,55.61,36.09,36.67,36.25,,,37.23,43.01,40.13,31.7,35.12,32.52,30.32,31.1,26.02,,49.52,,36.72,31.85,42.97,35.91,45.31,23.33,,36.99,24.01,39.99,21.78,26.41,21.7,52.44,,50.83,33.31,42.85,36.42,,35.66,41.53,39.96,,,39.28,29.07,34.23,38.27,34.91,,39.05,30.69,42.57,32.18,23.54,35.18,34.07,43.34,,31.79,29.49,35.36,,35.69,2010-11-01
2010,12,,27.8,,38.56,40.25,41.32,32.99,,,36.85,52.09,39.04,32.18,25.97,35.07,26.94,29.94,29.33,,53.06,,40.31,28.44,34.99,32.8,49.54,23.95,,29.37,25.11,29.25,20.11,26.64,22.37,48.85,,51.3,32.7,38.07,31.65,,38.07,44.07,41.73,,,41.0,32.58,39.23,41.99,39.52,,40.8,33.14,42.49,31.05,25.58,40.41,30.33,46.54,,30.06,29.5,34.97,,35.49,2010-12-01
2011,01,,30.33,,41.86,36.73,44.13,36.91,,,36.98,53.49,43.54,34.62,24.13,43.82,26.92,40.17,26.97,,60.99,,50.4,32.53,43.27,42.09,53.65,21.38,,29.93,36.1,32.97,24.2,36.51,21.9,45.45,,47.6,42.25,34.38,42.45,,40.21,46.14,43.48,,,42.74,27.02,41.16,47.35,43.37,,37.33,35.93,47.27,32.48,27.83,44.88,39.35,58.45,,34.31,38.07,33.65,,38.82,2011-01-01
2011,02,,39.15,,46.6,45.85,53.73,45.76,,,39.0,59.6,52.6,40.89,32.27,48.0,29.41,37.08,29.07,,64.63,,52.4,39.31,45.38,51.52,57.01,22.55,,43.73,40.28,37.62,25.32,41.61,27.94,53.01,,53.5,45.06,36.84,44.35,,49.67,54.37,52.02,,,43.33,31.96,46.82,52.78,46.4,,42.04,42.07,57.22,35.52,31.0,49.29,45.01,64.81,,40.0,41.32,32.3,,43.9,2011-02-01
2011,03,,33.53,,53.63,38.87,46.96,39.18,,,37.09,50.65,44.77,34.36,35.59,39.01,29.49,31.11,27.8,,52.05,,43.47,26.11,42.73,45.4,48.2,27.03,,37.97,30.06,35.82,21.3,34.2,25.7,49.37,,51.67,35.28,35.41,42.23,,45.03,46.46,45.46,,,43.45,29.53,40.01,45.3,40.26,,41.82,32.21,47.57,31.84,27.95,41.4,37.92,55.76,,36.2,37.57,37.48,,39.01,2011-03-01
2011,04,,40.37,,55.16,41.98,50.22,48.87,,,40.83,55.36,51.27,36.2,40.22,38.59,37.61,31.8,26.47,,53.95,,48.82,28.94,45.39,46.72,53.97,26.57,,37.94,31.98,39.4,27.34,34.83,30.94,50.37,,54.62,39.55,39.21,41.75,,51.55,49.67,44.1,,,44.6,32.3,38.73,45.83,39.82,,43.93,38.6,52.11,37.98,31.34,48.22,43.58,56.9,,36.92,40.61,35.76,,41.96,2011-04-01
2011,05,,33.3,,55.68,48.63,54.22,44.86,,,49.8,56.36,46.65,40.85,35.17,32.48,32.28,41.14,32.22,,50.09,,45.13,41.41,51.77,45.23,53.78,32.13,,41.43,28.78,45.63,27.21,31.0,32.92,54.34,,56.64,43.55,49.35,41.79,,47.79,50.09,36.18,,,43.87,33.5,35.95,47.26,39.39,,52.17,37.6,51.19,34.61,29.24,43.03,38.89,53.55,,37.76,37.74,32.15,,42.31,2011-05-01
2011,06,,39.3,,57.56,47.04,54.55,52.39,,,42.87,61.49,54.11,44.81,39.04,36.66,35.42,45.18,35.08,,61.45,,44.26,40.75,49.56,55.42,52.57,36.11,,46.62,33.37,47.7,32.74,36.64,29.53,54.73,,59.36,35.2,54.22,48.03,,53.23,51.99,41.05,,,47.01,34.36,43.49,53.6,51.29,,49.08,50.91,57.78,39.93,33.3,46.95,44.89,53.54,,51.77,42.39,33.67,,45.96,2011-06-01
2011,07,,50.38,,59.66,49.19,56.85,58.99,,,62.13,66.71,56.16,47.56,50.58,45.64,35.79,48.36,41.63,,66.09,,51.89,33.84,48.95,63.65,55.62,50.35,,50.23,38.2,46.33,35.71,50.6,35.58,51.91,,63.74,40.64,49.07,60.07,,58.52,55.84,47.36,,,49.55,40.38,49.7,66.89,58.56,,51.44,64.91,61.11,41.7,27.92,59.23,59.18,60.96,,52.28,56.9,37.99,,51.42,2011-07-01
2011,08,,39.6,,58.62,51.03,52.32,46.99,,,58.58,63.02,52.13,43.94,40.66,41.1,43.15,44.79,38.69,,57.23,,43.14,33.77,55.1,51.49,46.17,60.47,,45.0,30.42,55.15,33.7,37.32,41.87,51.26,,57.23,38.49,48.74,51.22,,50.69,54.73,43.49,,,58.08,38.83,44.51,54.16,46.62,,48.21,44.74,54.48,53.81,60.0,49.58,41.01,53.58,,36.86,39.17,37.57,,47.5,2011-08-01
2011,09,,43.72,,59.26,50.23,52.86,53.97,,,45.94,63.71,56.03,42.1,43.17,39.58,40.7,45.3,32.75,,58.01,,42.12,32.95,52.18,54.27,47.79,47.21,,43.94,32.52,56.76,32.48,40.54,37.92,50.71,,62.04,34.0,53.21,58.47,,56.97,58.21,47.32,,,46.34,35.17,35.8,57.27,50.03,,47.57,49.57,57.16,44.36,42.94,48.69,41.88,53.61,,44.75,42.14,39.97,,47.18,2011-09-01
2011,10,,28.35,,43.22,37.37,42.43,39.2,,,46.56,55.86,46.65,27.97,28.29,30.04,32.25,44.49,31.05,,50.1,,36.25,34.56,46.99,42.13,37.59,41.98,,37.37,23.69,47.03,26.71,29.38,35.29,45.54,,46.87,37.73,48.18,44.37,,42.35,46.89,32.7,,,41.23,34.08,35.41,44.07,37.85,,33.7,34.42,44.52,33.73,32.17,38.67,28.53,52.29,,27.05,31.77,39.19,,38.36,2011-10-01
2011,11,,27.73,,36.01,30.64,39.77,32.13,,,41.73,53.99,43.26,30.46,29.64,33.64,31.48,35.53,25.76,,41.77,,37.05,28.18,37.52,32.68,37.43,34.84,,32.02,31.26,34.0,22.35,27.94,30.06,39.52,,44.89,25.87,42.61,43.83,,38.79,42.38,27.77,,,34.74,32.27,35.01,41.16,37.83,,28.79,25.82,40.38,30.43,33.32,36.3,29.53,49.52,,22.67,32.59,41.34,,34.83,2011-11-01
2011,12,,28.63,,45.36,34.39,43.49,34.13,,,37.8,55.27,47.44,36.45,28.8,34.86,30.74,46.16,28.45,,48.03,,37.24,34.32,38.18,38.59,46.48,34.04,,34.92,33.61,34.31,24.17,24.33,29.97,39.34,,43.9,31.61,36.75,40.89,,42.55,43.22,31.09,,,40.25,31.68,39.17,41.4,35.98,,33.84,31.99,45.68,28.57,25.05,34.04,31.41,50.87,,25.65,38.14,38.07,,36.69,2011-12-01
2012,01,,24.92,,42.38,38.41,45.0,35.35,,,35.86,51.07,47.54,31.99,22.72,30.89,26.04,49.4,27.49,,49.05,,38.73,42.52,41.26,37.55,48.51,31.38,,36.95,30.49,36.9,24.97,24.64,28.35,39.62,,50.36,26.31,38.64,43.99,,39.88,48.32,33.48,,,41.41,29.59,38.27,46.37,40.96,,33.43,36.19,47.13,28.84,23.53,37.51,32.16,49.88,,29.22,37.32,39.92,,37.11,2012-01-01
2012,02,,34.65,,51.99,38.07,46.04,38.88,,,31.51,54.56,48.93,37.4,23.88,40.17,24.54,48.97,29.74,,51.72,,,40.16,39.82,36.88,52.15,31.94,,33.23,39.6,37.33,23.56,31.38,29.21,41.33,,51.02,34.87,37.11,45.82,,45.53,48.83,34.49,,,42.68,31.13,37.83,49.23,43.92,,34.89,40.23,49.51,30.0,26.47,42.73,46.21,59.24,,28.09,42.33,38.77,,39.57,2012-02-01
2012,03,,34.37,,49.53,43.03,49.36,42.12,,,39.72,57.73,55.51,37.8,26.21,41.53,25.77,45.28,29.51,,50.01,,,31.8,44.16,33.29,49.42,34.88,,36.29,43.13,37.3,24.36,35.58,33.93,45.1,,57.98,31.19,42.32,46.87,,45.79,51.48,37.02,,,43.15,35.75,37.9,47.17,39.16,,44.15,39.58,46.0,38.7,27.88,48.69,39.97,57.0,,27.28,42.75,37.74,,40.84,2012-03-01
2012,04,,30.25,,44.38,38.9,44.56,43.42,,,37.97,48.82,53.75,38.53,26.91,30.12,34.0,51.39,24.83,,47.18,,,29.7,53.56,31.39,46.3,40.74,,28.51,31.11,42.09,20.56,29.32,29.62,43.0,,53.64,25.18,49.47,46.47,,43.91,43.96,40.34,,,34.4,32.9,39.74,38.66,31.77,,44.82,31.6,44.47,34.14,26.16,37.28,37.03,49.73,,31.78,40.28,35.54,,38.28,2012-04-01
2012,05,,35.79,,46.72,41.89,47.28,42.34,,,46.63,55.04,56.99,36.93,36.0,31.69,37.12,56.89,31.47,,48.36,,,28.79,49.73,37.18,46.06,44.88,,33.71,32.93,40.4,26.73,29.19,33.3,42.2,,57.74,31.8,51.38,52.35,,43.47,46.64,37.2,,,44.17,30.82,44.94,40.18,32.6,,45.24,38.93,46.66,33.9,27.72,39.27,37.07,49.96,,36.14,46.19,31.58,,40.84,2012-05-01
2012,06,,56.06,,51.63,51.29,60.61,58.11,,,49.94,59.72,66.41,48.37,51.53,46.32,43.56,60.84,42.74,,73.35,,,38.52,46.48,61.51,56.68,47.16,,44.36,47.85,42.95,35.63,53.65,44.8,49.36,,66.7,41.8,53.02,61.31,,59.9,51.71,51.48,,,49.84,33.77,42.72,66.64,58.99,,49.89,62.25,63.25,42.35,41.87,62.1,57.49,61.12,,56.48,60.84,32.7,,52.35,2012-06-01
2012,07,,47.11,,40.96,49.14,48.21,48.31,,,38.32,57.7,55.35,46.49,43.94,37.24,36.9,57.47,30.57,,60.0,,39.21,30.05,48.25,48.47,52.34,38.09,,30.2,40.25,39.16,24.84,40.3,32.11,49.43,,51.62,34.29,51.49,51.81,,46.29,47.74,38.28,,,36.97,31.41,38.77,55.75,48.04,,43.92,44.49,47.88,31.04,33.8,51.13,45.98,52.88,,45.88,47.49,29.06,,43.46,2012-07-01
2012,08,,49.17,,47.73,57.15,58.49,56.37,,,46.63,62.74,61.64,45.47,46.71,36.1,47.67,58.17,35.26,,65.95,,40.97,36.71,50.83,58.52,54.28,55.52,,41.86,38.8,46.58,32.92,43.26,47.89,52.72,,62.87,38.21,56.23,57.73,,53.82,54.67,47.9,,,51.32,35.08,51.89,58.78,50.14,,55.57,55.04,51.68,41.13,42.57,56.75,55.88,53.68,,52.74,54.95,32.67,,49.95,2012-08-01
2012,09,,40.33,,51.71,57.0,50.91,51.7,,,47.57,61.15,59.61,45.94,42.98,29.9,48.81,59.08,39.93,,55.99,,33.93,34.57,57.94,46.67,46.44,58.26,,42.19,32.95,53.33,36.99,32.81,43.84,51.5,,62.86,35.66,63.74,50.89,,51.73,53.6,48.58,,,55.93,40.13,57.52,46.83,36.78,,52.71,38.67,48.89,48.1,48.85,43.13,37.56,49.23,,44.79,44.47,39.91,,47.34,2012-09-01
2012,10,,33.34,,44.68,39.86,46.92,42.23,,,40.77,58.01,52.96,38.62,33.2,29.04,47.23,49.76,32.3,,50.18,,32.38,39.67,52.18,36.04,44.28,47.41,,33.59,30.72,45.37,34.0,28.41,34.73,44.18,,52.62,28.26,53.76,49.84,,46.05,49.58,39.96,,,47.95,33.81,48.36,40.18,31.85,,42.3,33.23,41.58,35.6,40.55,39.08,31.02,49.62,,33.62,40.38,37.99,,40.97,2012-10-01
2012,11,,34.22,,38.09,28.55,42.12,36.2,,,29.23,52.33,52.44,32.85,28.36,28.34,38.55,44.97,26.65,,45.17,,35.44,31.63,46.03,33.3,41.62,32.72,,26.4,29.62,36.4,22.81,23.64,24.08,38.75,,47.25,22.82,44.43,49.66,,41.54,42.44,29.13,,,42.62,29.59,41.15,41.33,30.6,,33.78,28.13,34.98,25.34,22.7,36.07,26.25,52.04,,27.99,37.3,33.09,,35.31,2012-11-01
2012,12,,32.58,,42.51,36.76,42.28,36.44,,,33.75,51.79,56.97,32.55,22.25,35.27,37.12,44.58,28.99,,51.1,,28.66,34.02,31.13,37.25,43.01,28.54,,30.0,30.81,32.86,29.67,37.87,28.44,33.55,,44.04,25.94,39.19,50.96,,40.63,42.05,29.41,,,36.38,31.9,41.62,44.04,32.14,,32.42,32.81,37.82,26.08,18.62,37.63,29.68,50.83,,29.38,40.48,37.87,,36.13,2012-12-01
2013,01,,40.75,,42.01,45.83,49.38,44.75,,,38.54,56.72,56.29,36.74,31.75,46.23,36.37,49.86,28.46,,55.55,,40.05,33.9,36.7,40.92,48.33,34.23,,31.42,38.24,39.21,30.44,42.78,33.86,35.05,,44.11,33.42,39.53,53.33,,44.73,43.28,40.34,,,41.6,33.55,49.48,47.74,38.18,,42.36,38.39,44.45,33.67,30.35,45.89,37.88,56.36,,33.84,41.71,37.42,,41.1,2013-01-01
2013,02,,34.53,,29.19,32.17,42.75,40.77,,,33.19,50.88,45.51,34.65,29.39,44.36,29.05,47.04,25.65,,53.7,,39.89,35.37,27.69,37.33,50.18,28.81,,32.93,35.11,31.47,31.82,41.62,35.52,27.11,,41.96,30.58,35.3,51.83,,36.58,38.71,34.64,,,37.08,37.24,47.87,44.19,35.08,,36.63,36.3,38.6,27.11,32.65,43.62,31.42,53.05,,23.64,41.54,37.07,,37.26,2013-02-01
2013,03,,40.3,,48.62,48.45,54.86,47.91,,,41.48,60.7,50.08,38.28,35.29,44.62,34.85,48.75,33.62,,60.85,,42.41,47.51,36.99,40.98,53.99,37.37,,32.82,42.32,41.12,37.21,49.34,37.35,40.79,,57.93,34.91,45.4,54.32,,46.44,48.1,47.82,,,44.78,37.48,53.22,49.2,41.29,,47.41,46.45,47.57,33.5,40.42,51.06,37.66,60.18,,34.61,47.04,36.43,,44.55,2013-03-01
2013,04,,27.82,,40.97,49.02,50.16,46.57,,,38.21,59.31,46.34,32.05,31.25,35.6,30.91,45.0,24.99,,52.38,,38.1,39.55,46.03,36.94,48.28,33.69,,28.7,39.5,45.45,31.79,45.28,29.21,42.63,,55.58,26.47,52.09,56.53,,43.09,43.78,42.67,,,37.72,33.34,42.03,45.22,37.75,,56.56,43.43,40.82,27.02,36.78,47.81,37.96,57.6,,34.7,46.05,31.17,,41.02,2013-04-01
2013,05,,24.86,,35.8,53.25,48.57,40.17,,,39.66,56.34,43.27,32.48,34.55,28.92,33.0,45.45,25.21,,52.51,,33.14,35.07,49.09,35.43,47.76,32.52,,30.0,35.2,46.55,31.73,40.82,30.34,40.57,,53.1,25.96,53.68,51.63,,39.36,44.87,44.97,,,36.53,31.75,43.74,41.37,33.37,,57.13,42.68,36.32,28.75,36.28,44.77,28.3,51.62,,33.17,40.48,31.1,,39.47,2013-05-01
2013,06,,42.54,,71.38,91.99,105.88,80.87,,,50.97,104.59,79.4,65.23,58.27,44.0,48.27,83.51,43.96,,134.16,,52.58,51.98,79.46,81.13,65.4,53.81,,50.3,46.05,72.35,42.83,57.88,56.43,88.78,,96.88,57.9,74.24,76.95,,85.28,95.17,84.48,,,56.17,42.17,51.76,60.34,53.67,,88.6,87.97,86.68,55.92,50.92,56.41,49.23,59.58,,68.58,61.31,35.4,,67.44,2013-06-01
2013,07,,39.5,,44.31,57.69,59.52,50.26,,,40.82,76.57,55.34,41.65,36.1,43.69,42.89,57.79,34.67,,65.27,,43.93,40.98,47.34,48.73,53.77,36.94,,35.57,42.56,42.77,34.11,49.69,37.49,47.33,,58.01,31.64,46.29,58.7,,50.4,54.48,50.34,,,40.63,35.32,37.55,55.8,49.54,,55.82,55.28,50.94,34.56,37.69,54.48,43.45,54.73,,47.06,49.79,31.55,,46.89,2013-07-01
2013,08,,36.32,,45.58,56.48,54.52,49.81,,,39.14,74.16,49.86,48.35,40.2,40.38,39.98,57.93,31.67,,59.88,,40.43,40.9,44.1,42.26,52.27,43.54,,34.93,40.96,40.77,33.09,47.26,34.76,47.28,,55.16,34.74,46.07,57.54,,49.62,49.39,47.4,,,50.85,36.83,43.91,49.59,42.88,,52.65,46.18,47.51,36.7,43.09,47.8,41.81,52.23,,48.0,48.09,32.96,,45.64,2013-08-01
2013,09,,27.55,,38.56,51.55,48.83,40.12,,,35.48,62.63,45.25,40.58,36.41,34.81,44.74,53.11,30.73,,53.37,,40.22,37.72,46.43,35.0,49.75,39.95,,36.3,36.14,42.33,35.43,42.14,33.83,40.77,,51.53,40.31,47.27,51.11,,44.93,39.1,39.19,,,47.11,38.88,41.53,43.39,35.41,,44.28,35.7,42.2,35.17,41.84,46.67,30.0,46.88,,38.86,38.76,31.36,,41.4,2013-09-01
2013,10,,20.61,,36.0,49.65,44.44,39.5,,,37.28,51.35,38.8,32.6,28.38,31.28,37.22,44.96,32.49,,43.08,,37.09,36.96,52.0,27.37,43.74,37.67,,34.1,34.8,37.54,36.11,37.14,30.55,46.87,,49.26,35.18,46.42,43.99,,42.35,33.3,33.93,,,48.63,41.55,40.7,41.17,27.14,,39.97,23.02,36.42,38.59,36.46,47.27,25.53,22.66,,29.51,39.21,36.71,,37.62,2013-10-01
2013,11,,24.73,,33.29,42.26,43.8,32.54,,,32.61,60.95,36.5,29.9,28.58,38.29,20.43,34.71,33.78,,44.86,,34.51,28.82,42.0,26.54,44.93,24.5,,34.6,36.5,30.05,22.41,42.9,22.42,40.77,,44.46,20.46,38.97,47.04,,46.87,37.67,30.49,,,32.45,38.68,28.14,46.3,35.36,,34.48,23.69,36.95,26.27,26.51,49.55,27.78,26.14,,27.76,40.61,30.98,,34.62,2013-11-01
2013,12,,33.84,,39.81,32.49,43.18,27.79,,,21.87,65.38,33.6,33.03,22.15,50.73,18.95,36.48,31.3,,48.44,,42.99,24.45,27.3,24.6,42.26,21.58,,33.26,35.06,29.67,20.88,38.14,19.06,39.13,,38.79,35.01,28.98,40.46,,38.45,38.88,28.01,,,31.17,31.43,29.8,38.59,34.61,,32.28,25.26,38.09,22.22,23.5,50.72,27.64,34.92,,24.9,40.37,28.26,,33.33,2013-12-01
2014,01,,35.32,,49.55,41.01,50.7,34.33,,,26.8,63.31,33.69,44.37,23.94,53.12,21.4,47.85,35.19,,53.86,,41.43,34.21,38.61,35.1,32.79,29.61,,32.75,39.8,38.14,23.26,42.39,22.88,48.01,,41.92,36.95,39.76,46.67,,42.08,41.41,34.6,,,36.95,29.62,37.29,40.41,38.72,,34.63,34.27,44.84,30.13,30.66,57.2,36.5,48.89,,34.85,45.02,29.61,,38.56,2014-01-01
2014,02,,39.41,,51.36,48.76,67.07,50.16,,,36.01,55.65,49.3,39.67,27.38,53.36,34.95,45.73,32.32,,70.43,,40.25,33.77,32.79,49.13,32.74,29.31,,33.78,35.26,40.63,26.9,55.15,24.31,47.43,,57.16,32.31,41.45,56.32,,53.05,52.5,52.37,,,38.21,28.27,35.1,53.57,53.55,,47.61,49.7,56.19,43.54,42.31,64.66,56.21,51.95,,48.8,54.51,29.23,,44.74,2014-02-01
2014,03,,49.5,,59.85,62.03,91.56,64.12,,,35.88,67.46,59.86,33.64,30.25,55.64,33.98,52.46,34.7,,97.42,,36.43,39.05,34.73,73.13,24.12,33.93,,43.61,34.58,40.85,33.83,55.51,40.26,63.02,,72.67,37.35,47.36,62.97,,72.02,65.9,71.79,,,38.84,34.68,36.72,54.19,56.48,,61.94,59.23,73.67,50.64,48.64,61.61,55.35,48.0,,59.1,60.69,31.57,,51.82,2014-03-01
2014,04,,40.92,,58.66,42.95,53.41,46.62,,,37.6,46.18,38.87,38.42,28.33,47.69,28.86,56.0,34.14,,48.69,,39.05,33.84,38.92,28.38,25.74,30.64,,43.16,29.57,44.45,28.23,38.39,31.74,44.34,,57.88,68.59,47.45,46.83,,43.31,45.3,36.72,,,35.11,28.15,30.49,34.16,35.49,,46.85,26.0,45.16,35.71,31.62,47.91,29.89,47.44,,37.89,41.18,29.15,,39.84,2014-04-01
2014,05,,33.28,,44.56,34.87,41.82,46.17,,,34.89,39.0,34.82,31.77,30.6,32.99,36.1,55.49,30.55,,46.27,,32.45,29.9,39.77,26.52,28.3,30.34,,29.09,25.0,39.27,25.78,37.02,30.41,41.15,,48.2,47.31,45.07,39.11,,40.48,38.73,31.17,,,35.59,23.36,33.63,34.9,33.95,,39.26,25.14,42.55,32.58,29.97,48.76,25.86,31.85,,32.03,36.6,26.43,,35.5,2014-05-01
2014,06,,52.42,,45.76,48.51,53.22,57.09,,,38.67,48.58,53.12,46.77,44.81,42.27,36.4,50.64,35.54,,58.28,,39.02,33.03,36.5,47.77,33.87,31.05,,29.97,34.16,37.57,28.51,52.07,38.5,43.53,,57.33,42.13,52.5,52.36,,54.01,47.34,48.29,,,40.2,27.94,32.04,55.58,51.75,,49.58,48.64,54.51,36.5,29.16,64.94,48.4,38.74,,48.25,50.41,26.95,,44.22,2014-06-01
2014,07,,48.57,,42.76,51.37,59.62,64.0,,,49.17,48.14,59.95,40.35,40.35,36.59,43.23,51.07,38.67,,76.34,,37.81,36.92,35.87,62.95,35.39,44.55,,34.86,31.98,41.1,34.99,53.16,47.3,43.59,,58.42,42.64,51.99,60.06,,58.84,49.39,50.63,,,54.02,30.63,46.16,58.39,52.81,,49.17,65.59,61.52,65.87,53.45,64.78,65.93,39.51,,55.4,59.03,27.61,,49.26,2014-07-01
2014,08,,39.99,,34.37,42.83,41.3,47.73,,,37.05,35.31,42.14,32.96,28.42,30.22,27.48,47.38,30.22,,51.34,,30.55,32.68,36.45,35.64,33.42,35.77,,25.06,25.06,40.3,26.27,40.04,41.52,31.93,,43.27,39.36,42.93,44.25,,41.52,35.3,31.93,,,42.29,30.83,25.09,42.46,38.2,,37.94,36.61,41.11,32.38,45.68,54.48,47.02,29.01,,37.66,42.3,28.16,,37.12,2014-08-01
2014,09,,39.07,,46.57,45.81,52.69,60.14,,,47.63,51.38,54.39,43.44,42.22,27.22,32.89,62.45,34.01,,53.43,,36.27,36.36,51.28,42.51,43.28,49.14,,29.09,27.82,55.29,35.79,41.92,42.41,52.66,,64.17,44.61,57.05,45.98,,51.39,52.76,51.17,,,50.55,35.65,33.83,42.64,36.82,,56.97,39.83,51.57,39.85,53.35,53.02,48.16,31.05,,43.04,43.93,33.52,,45.06,2014-09-01
2014,10,,33.1,,45.61,51.24,53.94,58.62,,,40.98,55.39,57.02,40.87,39.43,29.78,32.0,52.89,33.97,,60.66,,45.22,36.29,47.9,43.11,28.19,46.14,,27.1,29.55,59.84,36.1,49.29,39.16,56.17,,67.64,37.31,58.06,47.5,,58.03,54.19,53.47,,,39.52,37.69,28.56,50.05,41.39,,56.87,45.23,52.95,35.82,43.63,56.18,48.74,30.08,,39.78,49.05,37.36,,45.07,2014-10-01
2014,11,,36.42,,44.88,32.64,44.69,36.87,,,39.93,45.87,40.94,30.22,32.41,26.21,25.75,37.71,29.59,,49.8,,49.07,35.75,32.46,26.24,27.75,36.63,,23.69,27.71,44.25,28.84,44.68,32.59,39.23,,48.76,28.32,44.73,35.6,,40.94,31.42,38.8,,,21.64,38.26,25.26,46.71,32.92,,42.43,34.78,35.65,25.6,31.36,55.17,42.53,24.8,,19.6,44.02,28.26,,35.69,2014-11-01
2014,12,,36.22,,41.5,28.24,39.83,38.52,,,36.41,46.54,43.53,27.44,32.38,27.53,24.26,41.0,23.99,,52.14,,51.61,34.29,36.15,23.7,31.45,32.62,,34.09,28.29,36.92,30.38,40.22,31.13,34.51,,46.25,35.67,35.49,32.99,,41.65,29.44,40.79,,,29.2,35.83,29.35,44.93,30.72,,40.4,31.33,38.78,33.12,28.64,53.82,38.78,28.83,,23.07,38.97,31.44,,35.38,2014-12-01
2015,01,,55.15,,51.55,35.8,51.34,45.1,,,28.46,57.22,45.59,36.21,41.66,50.08,33.07,52.59,24.18,,54.65,,71.12,31.13,43.47,32.34,44.99,27.89,,32.26,47.84,46.04,25.44,52.71,30.07,46.49,,43.37,47.71,43.99,46.65,,45.3,37.14,45.48,,,32.57,39.11,29.47,53.91,44.05,,44.34,43.71,42.13,32.25,26.6,59.93,49.6,68.8,,37.39,47.57,30.6,,42.86,2015-01-01
2015,02,,53.92,,48.89,37.35,59.35,42.49,,,35.7,53.44,47.23,37.02,33.14,51.29,43.15,49.73,32.19,,58.17,,62.71,38.63,41.17,40.78,49.74,36.69,,33.96,46.54,49.13,31.8,57.07,37.61,43.88,,47.72,48.02,44.89,52.06,,46.35,42.12,45.46,,,45.44,37.24,38.27,55.22,43.11,,45.76,48.15,44.24,41.85,30.64,60.96,52.89,58.36,,42.87,53.11,28.77,,45.22,2015-02-01
2015,03,,51.88,,53.58,44.03,61.97,50.79,,,50.49,57.23,56.61,34.03,38.41,46.51,41.54,49.59,36.94,,59.8,,56.44,49.6,38.69,45.34,50.08,41.39,,39.14,44.39,53.7,34.18,54.13,49.43,50.73,,57.33,43.06,42.18,53.59,,53.53,46.91,52.91,,,48.33,30.94,41.25,54.49,47.72,,52.17,48.63,49.52,43.99,36.63,59.74,51.03,52.37,,37.15,53.21,33.51,,47.66,2015-03-01
2015,04,,45.04,,48.84,34.93,50.97,44.77,,,44.41,51.76,48.89,27.29,36.53,37.96,27.19,46.2,34.51,,52.49,,55.15,45.23,42.09,38.41,42.19,35.63,,39.47,40.25,52.69,30.63,47.94,44.47,42.55,,53.08,35.86,45.56,46.69,,45.86,43.96,44.03,,,41.38,26.48,37.96,54.67,39.72,,40.61,39.27,40.62,38.49,29.1,56.81,39.91,50.03,,29.92,47.68,28.92,,42.06,2015-04-01
2015,05,,39.86,,35.93,35.23,49.44,44.47,,,49.11,49.19,46.55,32.62,48.17,30.09,29.18,45.28,30.05,,54.75,,61.43,42.23,47.72,36.8,41.85,35.06,,41.87,34.58,45.81,25.19,46.84,32.16,42.66,,57.95,40.86,47.46,45.94,,44.95,42.25,45.96,,,41.29,28.74,34.0,55.71,36.16,,43.28,38.94,42.83,35.94,30.16,57.4,41.91,38.7,,22.0,49.18,25.55,,41.2,2015-05-01
2015,06,,32.57,,46.67,29.91,50.38,44.39,,,40.75,47.22,47.88,40.22,50.61,27.51,23.5,53.42,30.28,,58.11,,61.29,35.29,32.9,42.3,49.23,25.9,,44.16,32.27,41.26,23.45,45.33,23.93,42.55,,61.8,55.73,52.35,43.27,,48.16,44.13,47.01,,,36.83,25.87,25.41,54.23,29.74,,46.14,38.76,43.09,30.18,26.81,51.91,37.2,43.13,,21.86,47.34,27.56,,40.43,2015-06-01
2017,01,,37.1,,39.47,34.97,,40.54,,,47.64,40.89,39.1,32.53,25.58,34.88,23.23,47.69,30.19,,,,48.4,40.42,34.53,,32.95,32.35,,,34.18,38.1,23.0,41.28,34.15,30.12,,48.45,37.66,34.88,44.66,,,40.98,45.56,,,33.41,27.58,35.44,51.8,33.9,,31.32,32.72,,35.62,19.88,59.58,55.68,32.33,,33.36,43.59,36.98,,37.3,2017-01-01
2017,02,,46.32,,47.67,47.0,,37.54,,,39.9,45.06,38.51,37.29,27.96,40.71,23.4,49.8,27.04,,,,55.66,37.96,41.15,,39.5,32.71,,,41.71,41.38,20.32,43.05,35.92,30.25,,49.57,42.94,40.71,44.68,,,43.39,49.98,,,33.97,30.16,34.6,52.42,36.5,,37.92,43.24,,33.97,30.89,61.51,56.35,45.04,,36.07,46.55,35.01,,40.3,2017-02-01
2017,03,,47.47,,46.41,50.81,,40.5,,,44.48,45.71,40.42,36.13,34.78,43.52,22.03,48.07,31.49,,,,55.16,35.3,40.61,,40.58,35.05,,,42.56,44.83,22.1,54.23,34.09,32.77,,57.6,40.83,43.52,50.31,,,45.7,53.93,,,33.45,29.61,33.59,57.65,39.85,,37.95,44.91,,28.86,22.74,63.59,56.42,45.61,,34.39,49.26,35.15,,41.65,2017-03-01
2017,04,21.68,26.41,24.19,33.15,34.19,,34.07,23.42,20.79,38.58,35.45,38.89,23.72,30.58,31.52,17.21,28.7,21.41,12.2,,26.03,33.74,28.54,32.81,,30.72,23.36,12.83,,26.49,39.37,21.01,51.69,20.83,29.01,15.75,40.41,25.69,44.37,37.15,,,33.66,39.92,20.93,30.66,22.11,24.09,31.68,40.07,27.98,27.36,31.84,32.52,,25.82,15.87,37.41,38.66,27.87,,28.66,33.96,26.01,25.87,29.1,2017-04-01
2017,05,27.63,22.04,22.21,21.99,24.6,,32.18,22.17,20.45,25.62,27.31,30.74,19.7,21.1,22.45,16.4,21.98,17.76,12.66,,25.11,23.19,21.22,15.08,,25.74,18.6,22.89,,21.82,27.44,14.04,,14.61,23.09,16.48,37.27,18.26,29.11,32.9,25.58,,22.47,28.39,23.04,15.76,13.27,19.01,15.09,31.38,29.26,21.57,24.55,26.04,,20.46,12.63,25.88,33.12,21.84,,26.69,30.77,23.05,28.12,23.05,2017-05-01
2017,06,30.98,23.8,23.79,22.56,27.66,,34.78,25.09,18.51,24.72,31.09,34.69,24.29,23.36,22.03,14.47,21.42,18.11,10.61,,26.63,23.17,21.52,18.33,,25.68,18.13,22.91,,23.48,30.42,15.05,,15.31,28.74,18.91,37.52,18.33,29.08,34.16,24.38,,26.13,30.16,22.61,19.07,15.52,17.27,16.64,31.68,30.05,24.9,27.63,31.04,,18.21,16.43,26.42,33.87,19.79,,26.95,43.0,20.57,30.32,24.42,2017-06-01
2017,07,30.2,25.83,25.62,26.09,25.26,,34.11,25.17,21.89,28.52,26.71,29.45,26.78,26.76,22.11,21.42,25.21,22.93,13.38,,28.21,31.22,22.09,18.81,,29.35,16.72,32.77,,26.17,25.69,17.4,,16.85,27.74,21.02,36.34,21.72,28.81,38.98,25.77,,25.4,29.16,25.91,22.84,16.58,18.44,15.06,39.61,38.52,28.43,25.67,39.84,,20.17,18.01,33.98,40.73,24.6,,28.03,40.71,17.36,32.67,26.4,2017-07-01
2017,08,26.3,21.31,21.97,35.67,24.06,,30.96,24.07,19.96,23.61,25.31,31.33,20.81,22.12,17.37,17.5,21.42,18.89,11.27,,24.93,21.73,17.92,21.32,,24.85,16.54,21.77,,21.4,27.19,15.81,,12.24,25.45,18.27,44.51,18.65,28.49,34.04,24.63,,22.67,25.84,25.45,20.71,15.96,24.15,14.04,30.05,28.03,28.5,25.46,30.11,,16.55,15.8,22.56,31.88,18.15,,25.45,33.57,14.95,25.7,23.32,2017-08-01
2017,09,26.11,16.2,18.77,21.43,24.62,,27.75,23.18,18.58,23.28,27.32,26.5,20.8,20.7,14.65,19.04,21.08,20.04,11.68,,24.53,18.96,18.61,23.46,,22.15,21.67,17.83,,18.87,30.45,16.0,,14.42,25.15,18.82,41.63,17.24,32.41,26.17,18.35,,24.8,27.07,23.56,23.3,20.48,29.43,16.37,23.2,22.38,29.12,24.05,24.77,,16.53,18.91,19.14,25.9,17.1,,19.0,28.51,14.15,28.61,22.19,2017-09-01
2017,10,26.22,18.07,18.57,24.93,29.26,,28.25,26.19,19.9,22.81,32.71,30.93,20.98,20.21,15.78,17.21,19.59,18.3,13.62,,24.33,22.87,18.2,27.41,,21.75,18.41,16.76,,23.38,31.35,16.79,,17.35,29.05,18.54,44.77,16.2,31.18,28.04,24.36,,27.54,28.77,24.08,22.74,16.86,24.01,14.35,24.54,25.7,30.58,27.08,20.53,,18.57,15.09,21.81,28.22,22.92,,17.6,30.12,15.24,28.28,23.14,2017-10-01
2017,11,18.42,17.24,19.15,20.25,23.42,,22.89,21.41,16.56,22.15,25.78,28.08,16.14,15.63,17.01,14.54,17.3,17.65,12.98,,17.96,18.22,16.57,19.87,,17.09,13.69,15.52,,18.61,25.96,14.65,,15.21,22.41,16.21,32.3,13.96,22.83,26.12,21.38,,23.04,25.09,16.09,18.51,13.67,20.49,14.05,22.41,22.55,22.26,22.58,21.91,,18.1,11.63,18.23,23.09,19.45,,15.17,22.06,15.89,26.25,19.43,2017-11-01
2017,12,17.54,24.36,26.15,24.48,26.55,,22.22,21.96,22.05,21.78,26.72,30.17,20.09,16.59,24.96,13.84,20.43,17.68,10.85,,18.39,25.84,16.24,22.19,,23.42,15.42,20.72,,25.42,26.76,13.68,27.15,13.71,24.33,15.29,28.24,16.95,22.24,29.55,22.61,,27.54,25.6,16.39,19.24,15.92,18.4,13.12,26.15,28.68,25.06,22.78,24.06,,19.43,12.67,24.31,23.08,25.94,,17.78,25.87,14.87,22.73,21.49,2017-12-01
2018,01,14.29,20.86,21.88,22.48,23.2,22.63,18.57,17.74,19.41,17.82,22.34,31.15,14.61,11.23,21.37,11.64,17.13,16.63,11.26,37.84,14.91,22.45,15.7,15.86,17.75,24.6,11.51,18.28,,21.87,20.54,12.2,24.64,13.81,19.67,11.79,26.58,16.32,16.64,25.73,18.1,30.75,23.37,25.82,12.44,16.65,12.95,15.17,11.87,22.34,24.3,18.78,19.3,20.69,27.66,14.48,10.98,19.89,25.5,22.45,,14.3,22.99,15.1,16.13,19.16,2018-01-01
2018,02,18.16,29.56,33.01,33.83,31.9,35.47,24.92,25.88,26.45,22.0,30.57,35.72,26.38,21.14,28.31,14.23,30.7,18.66,14.49,42.86,21.63,33.53,20.59,28.1,29.05,35.08,16.56,26.66,17.31,31.62,26.46,14.63,31.86,19.37,29.17,16.4,28.02,24.35,24.69,34.55,24.97,38.02,32.1,34.7,26.15,22.62,19.06,18.32,19.44,32.27,33.78,31.55,26.75,31.61,38.27,23.39,16.8,31.16,40.95,37.24,,21.35,29.57,15.38,25.88,26.96,2018-02-01
2018,03,19.12,24.63,25.58,30.92,26.1,36.91,25.81,22.82,21.53,23.33,28.96,34.85,22.45,17.67,24.72,16.14,28.83,18.62,14.97,46.68,21.16,31.53,20.72,18.81,25.26,23.22,19.29,22.52,18.53,23.19,23.9,16.18,28.42,17.69,24.79,15.38,30.03,20.69,21.69,33.6,19.86,40.82,27.19,32.13,23.69,20.56,15.42,19.51,15.55,25.72,26.28,23.56,26.43,25.89,39.53,19.56,13.15,28.59,33.72,30.94,29.85,20.08,29.4,15.51,26.05,24.56,2018-03-01
2018,04,19.84,23.87,25.66,28.9,26.55,34.76,28.49,24.06,22.08,26.12,30.28,35.17,22.28,20.41,24.24,17.54,23.04,22.0,18.28,43.62,21.04,26.01,23.0,21.95,25.69,22.99,21.78,22.87,20.45,24.17,27.48,16.74,27.78,19.64,,20.25,34.73,19.61,24.71,34.37,26.78,38.21,27.64,33.28,24.72,21.45,18.7,18.5,18.15,25.06,25.22,26.07,23.2,25.16,37.43,19.86,15.49,27.31,34.07,30.61,27.59,21.11,31.45,17.35,26.51,25.21,2018-04-01
2018,05,20.33,21.67,22.92,21.65,26.88,31.75,30.28,24.46,20.51,21.45,27.35,33.81,21.51,18.52,20.75,13.8,18.48,19.91,15.04,41.55,21.54,23.54,19.9,18.6,21.79,21.9,16.11,20.63,17.23,21.04,28.75,13.91,25.34,16.59,,17.35,32.47,16.57,29.83,31.9,23.04,34.22,25.83,29.92,21.08,16.65,15.27,15.77,16.09,21.63,23.52,26.92,24.34,22.96,35.5,16.84,12.87,21.3,29.78,23.53,25.46,18.84,28.46,13.01,23.78,22.72,2018-05-01
2018,06,26.44,26.1,25.47,23.07,29.13,36.03,31.13,24.97,26.14,25.97,31.23,33.04,23.86,23.79,27.17,15.67,22.31,21.78,14.39,35.83,24.49,26.99,21.65,19.38,22.72,23.74,17.65,21.99,24.59,25.57,25.35,14.93,28.76,24.28,,20.87,28.7,19.88,31.99,33.43,24.13,31.53,25.63,31.48,21.66,20.94,15.32,17.06,19.09,27.58,33.56,29.16,26.17,25.36,32.25,23.26,15.55,27.33,36.83,25.05,23.45,21.94,34.11,13.84,29.55,25.19,2018-06-01
2018,07,35.29,27.48,29.38,34.31,32.55,35.4,34.37,27.43,27.37,33.33,33.74,36.54,31.55,28.62,25.0,16.22,29.79,24.71,17.18,37.32,26.0,28.83,25.34,22.1,24.61,28.1,26.77,26.39,22.61,25.65,28.23,18.07,32.43,26.94,,25.8,29.03,27.83,35.16,35.88,29.89,37.12,26.35,35.62,34.96,29.21,22.14,21.6,23.68,33.68,38.09,29.36,27.39,31.63,35.29,31.47,20.32,29.17,37.67,28.39,27.67,24.43,34.92,16.59,33.42,28.96,2018-07-01
2018,08,48.5,43.86,44.58,49.42,49.32,53.31,49.05,46.57,44.16,51.4,52.54,53.7,46.76,45.17,43.17,38.47,45.54,42.16,37.82,60.06,43.63,47.08,45.75,39.12,51.72,49.18,61.03,44.96,47.35,37.86,47.36,40.33,48.43,47.59,,57.56,59.46,43.8,48.44,55.56,44.11,51.63,46.56,50.46,46.27,50.97,52.72,34.51,49.06,54.76,51.39,45.79,44.73,47.59,49.96,54.12,49.03,45.28,55.17,48.66,46.0,38.55,48.97,28.83,47.5,47.57,2018-08-01
2018,09,61.94,44.5,42.61,57.26,59.41,62.58,61.67,57.56,43.26,52.36,61.74,65.38,53.8,47.16,36.18,43.96,52.14,46.93,36.04,66.03,56.16,41.42,47.9,52.5,57.78,47.83,58.54,46.3,45.49,33.78,63.62,40.84,49.86,51.22,,53.13,71.9,49.38,60.87,56.1,53.56,63.08,58.92,60.75,56.04,49.41,50.3,48.02,49.28,56.98,54.69,56.82,55.19,50.33,63.09,53.63,49.71,48.82,49.08,43.97,59.27,37.08,55.14,39.44,55.91,52.43,2018-09-01
2018,10,54.97,36.05,34.1,49.75,52.98,57.22,62.93,51.86,47.91,49.27,55.43,57.89,39.42,35.65,36.43,41.85,44.78,42.54,29.96,59.49,48.73,43.1,45.22,52.14,49.03,44.34,46.29,41.73,39.56,33.59,60.64,34.2,47.83,51.42,,38.77,63.97,37.72,58.77,53.0,52.7,58.44,53.17,57.26,48.19,42.61,41.53,41.43,39.17,55.91,50.24,51.4,48.6,45.52,59.37,47.55,37.24,46.5,44.92,44.95,51.69,30.47,51.3,33.75,50.36,47.11,2018-10-01
2018,11,49.38,40.47,44.02,44.75,47.74,52.23,55.34,41.17,38.24,48.56,50.79,55.49,31.23,27.34,43.3,31.17,41.44,35.35,23.73,56.6,45.41,38.78,36.43,43.26,51.33,41.19,43.49,46.76,30.19,36.93,55.08,30.77,51.52,53.81,,38.17,60.81,30.32,54.59,54.93,42.42,58.39,47.93,54.39,31.3,38.72,33.07,34.37,41.14,57.55,51.53,44.12,44.71,49.77,58.5,46.09,34.5,50.85,43.95,42.79,49.82,26.95,51.47,28.01,46.39,43.92,2018-11-01
2018,12,45.24,37.52,39.66,36.47,45.01,52.52,52.0,38.44,30.27,44.04,45.97,54.64,27.6,23.79,36.64,26.56,37.93,39.53,22.34,58.86,43.27,34.68,37.26,33.52,45.59,33.59,38.45,43.48,31.98,33.83,52.83,28.95,48.43,49.62,,40.31,57.24,28.81,48.67,50.79,40.54,57.49,50.96,53.78,29.29,34.56,31.18,34.74,27.55,55.73,49.22,41.65,45.55,44.32,59.05,41.29,26.61,50.56,48.08,38.84,46.97,24.6,50.36,26.09,39.52,41.01,2018-12-01
2019,01,49.57,45.41,49.13,47.21,44.44,54.38,50.29,45.73,41.07,43.67,48.37,55.52,40.24,34.27,49.0,34.97,46.47,41.59,32.59,61.0,42.0,43.34,46.84,33.07,51.54,42.06,40.9,51.38,31.22,46.31,50.15,36.4,53.13,47.42,,33.72,51.28,37.45,43.39,56.3,36.54,58.03,49.45,56.99,41.36,35.23,27.28,34.42,31.04,56.69,54.8,44.13,47.6,53.28,63.14,42.45,30.28,50.02,54.21,49.84,48.75,33.17,55.69,29.95,48.25,45.08,2019-01-01
2019,02,49.37,47.65,55.92,53.24,47.3,59.22,56.28,50.3,45.86,49.51,51.7,58.54,44.32,41.93,49.26,33.52,50.19,48.11,54.6,65.58,45.86,46.87,57.16,35.06,57.79,51.53,42.21,54.13,46.25,44.67,52.91,51.9,55.65,54.27,,35.38,55.49,35.41,45.69,58.53,46.64,60.84,44.38,60.51,40.98,49.43,26.85,38.5,33.3,58.1,56.32,42.53,48.98,57.21,65.9,48.17,34.29,53.89,55.24,55.45,55.83,41.72,56.77,33.22,51.68,49.31,2019-02-01
2019,03,66.23,57.53,61.45,67.97,62.99,69.88,64.76,62.82,57.66,53.87,66.51,67.77,54.13,55.88,56.52,42.78,56.93,52.75,62.38,69.15,58.62,60.45,60.14,50.51,64.79,60.13,51.16,59.04,46.8,55.5,59.69,44.67,60.15,57.19,,44.82,65.67,50.74,58.2,61.79,60.35,66.27,66.46,69.57,73.93,52.2,43.0,42.09,44.13,61.58,59.79,65.84,63.65,60.4,74.62,51.67,49.69,58.82,58.65,64.12,67.66,51.91,60.23,37.21,60.41,58.5,2019-03-01
2019,04,59.36,50.38,54.15,73.12,58.36,63.22,61.76,54.35,54.82,55.64,60.35,62.68,51.64,50.62,50.9,36.25,57.91,47.29,47.89,62.46,52.78,56.67,50.13,47.05,58.28,56.32,45.68,53.45,44.63,50.23,59.77,43.92,56.28,72.19,,42.91,60.6,46.48,56.99,57.72,54.48,62.45,58.08,64.05,57.89,53.14,32.88,39.39,37.99,56.69,54.92,58.07,57.15,55.4,68.07,49.14,36.25,53.12,51.5,62.78,55.27,43.8,55.43,33.92,56.08,53.64,2019-04-01
2019,05,59.24,36.27,44.28,56.72,56.02,61.85,55.88,56.7,52.71,56.07,59.02,56.62,50.78,48.44,35.57,33.48,53.42,44.93,34.28,58.44,55.43,48.96,43.7,50.59,51.34,53.54,47.88,47.27,44.58,38.09,62.18,35.25,48.52,50.4,,40.3,57.35,46.59,58.03,52.92,48.01,58.23,54.27,60.34,59.94,49.29,37.48,41.2,46.72,50.51,48.09,58.14,50.43,48.89,59.44,52.47,43.14,45.51,43.4,49.57,56.34,32.38,50.58,29.1,55.05,49.57,2019-05-01
2019,06,53.27,46.05,53.67,55.23,51.67,58.4,59.19,49.26,40.8,45.34,56.01,55.88,49.82,49.14,43.17,31.98,53.07,37.08,24.42,55.1,51.8,47.56,32.42,39.2,54.32,53.79,39.98,52.34,32.52,40.07,56.89,27.67,52.16,40.58,,31.66,57.59,47.27,53.12,54.12,34.57,57.22,49.86,55.35,51.19,38.21,30.69,37.08,30.27,54.11,49.9,53.15,47.99,50.31,58.46,41.82,33.37,56.18,55.84,47.26,49.91,48.66,55.05,26.17,55.07,46.9,2019-06-01
2019,07,60.48,55.34,62.7,57.22,59.02,64.86,65.31,60.19,53.23,59.83,61.26,62.8,57.86,58.49,53.55,38.24,57.41,44.71,32.26,66.73,57.45,61.16,38.13,48.26,61.1,59.07,51.46,62.13,42.69,51.22,58.75,31.9,61.83,48.56,,44.75,66.39,54.58,56.65,60.13,47.67,62.66,58.31,62.96,57.97,50.03,44.17,40.58,47.13,61.72,60.93,63.32,58.72,60.59,62.65,52.63,49.36,62.34,62.55,55.46,57.62,52.95,61.16,34.53,62.49,55.28,2019-07-01
2019,08,72.5,53.77,64.46,67.15,70.73,72.96,73.61,70.31,56.84,65.43,72.93,71.95,71.92,67.4,51.78,52.26,66.59,56.5,48.34,74.93,65.35,62.41,51.52,54.77,69.75,67.78,67.28,56.64,56.18,47.09,64.03,48.99,62.41,68.21,,57.69,76.69,65.02,61.04,63.61,60.35,73.01,70.28,73.57,85.21,59.19,64.78,50.52,63.08,63.2,61.02,69.52,67.39,68.83,73.34,65.83,91.73,61.53,60.52,57.38,68.07,56.99,67.77,38.37,71.8,64.25,2019-08-01
2019,09,96.93,69.13,88.0,78.36,95.07,106.1,110.48,86.75,64.11,83.18,97.62,108.92,80.76,80.41,64.22,65.07,79.67,63.23,60.51,107.03,82.12,65.94,63.04,69.47,98.29,75.12,135.34,72.45,65.46,63.25,87.79,63.25,83.19,90.67,,87.09,116.99,72.86,79.05,82.64,70.76,110.71,101.93,113.49,95.19,76.91,120.12,61.57,106.39,76.88,72.39,100.44,99.46,94.1,109.95,102.46,149.78,75.21,80.04,64.05,102.07,69.49,91.05,59.54,88.81,86.44,2019-09-01
2019,10,60.26,40.75,47.77,52.59,59.12,60.13,60.49,55.09,32.76,46.22,61.24,61.05,41.85,40.78,31.15,26.81,44.88,29.47,23.89,65.68,50.17,52.83,35.27,53.09,54.51,47.5,40.4,39.95,40.24,37.61,62.34,23.19,46.83,40.0,,24.1,66.22,32.33,60.29,53.75,50.97,63.62,59.72,61.3,57.87,39.04,29.87,43.99,44.97,47.41,45.68,53.92,55.01,48.95,63.57,48.57,39.22,46.09,43.22,46.5,64.96,38.35,51.75,34.61,53.75,47.43,2019-10-01
2019,11,48.15,37.37,44.79,48.55,50.99,53.78,56.78,48.21,31.24,50.78,53.64,61.7,34.94,33.33,36.44,35.26,42.98,42.49,30.3,64.53,44.46,55.78,34.96,46.91,46.02,37.6,46.53,34.44,47.56,39.35,61.24,32.87,41.88,49.76,,35.51,60.65,33.02,59.06,50.78,49.31,58.74,52.04,56.77,45.09,46.01,34.92,41.12,44.55,49.42,47.08,52.33,48.84,46.12,58.47,44.31,41.18,47.02,42.9,40.33,54.7,29.66,49.71,35.73,48.69,45.78,2019-11-01
2019,12,34.83,43.02,53.41,41.55,40.19,50.71,50.22,30.99,39.72,36.14,42.77,53.51,34.06,32.52,42.7,20.74,43.36,35.05,17.77,62.4,25.53,54.54,24.41,26.05,43.03,43.89,33.46,43.64,43.27,45.75,47.49,20.65,49.34,46.26,,19.21,49.73,37.92,36.69,52.06,29.28,55.59,44.71,53.21,37.17,37.17,19.58,31.56,27.76,54.59,50.72,33.68,41.26,46.27,55.81,31.93,24.51,50.1,50.21,50.35,43.49,24.96,50.25,26.52,44.28,40.06,2019-12-01
2020,01,37.35,42.75,56.62,42.3,43.29,53.66,54.33,37.11,41.42,41.47,47.74,54.78,36.47,38.28,42.24,24.87,44.35,40.66,31.91,62.52,27.29,50.28,38.96,28.28,47.32,49.13,37.4,49.57,45.1,45.44,48.48,30.89,53.31,48.17,,24.17,52.39,41.08,34.03,55.11,36.06,55.76,48.48,50.39,39.26,40.52,26.9,35.5,36.46,56.51,55.98,39.24,46.0,54.65,57.42,39.48,30.25,52.76,55.86,56.0,44.04,30.92,54.08,29.8,48.8,43.78,2020-01-01
2020,02,36.34,47.18,51.99,48.03,43.28,49.56,53.18,36.12,42.29,49.03,47.09,51.27,40.58,41.31,42.59,32.51,49.43,42.57,50.53,61.68,28.97,51.06,48.81,30.16,48.41,47.55,41.96,48.87,44.72,47.03,49.97,38.79,51.44,57.4,,30.31,50.48,40.97,36.12,52.79,31.66,56.8,46.27,52.34,40.23,51.0,29.43,40.44,38.76,55.1,51.89,40.41,40.99,54.67,55.53,42.91,41.47,49.28,52.56,54.12,43.55,29.13,50.47,28.84,47.7,45.12,2020-02-01
2020,03,44.21,56.71,59.08,44.03,50.93,54.73,57.29,45.82,48.01,48.31,51.05,55.06,39.54,49.89,49.82,28.24,50.86,44.81,48.84,60.72,40.16,54.23,48.06,33.01,55.41,53.97,37.18,56.54,49.59,49.43,52.43,38.06,57.7,48.74,,29.48,55.57,38.11,44.43,56.29,42.5,58.31,51.76,56.71,44.74,45.48,29.41,41.34,32.44,60.33,58.24,51.6,48.79,56.47,57.28,42.69,31.13,57.49,58.73,60.44,51.83,39.62,56.43,28.93,52.54,48.46,2020-03-01
2020,04,40.69,40.78,47.29,37.93,44.08,47.35,51.08,39.24,41.85,46.42,44.26,47.75,34.65,41.2,42.11,27.45,45.02,44.95,43.53,56.56,32.0,49.43,38.98,32.67,45.74,45.22,35.87,40.79,48.73,40.15,48.48,31.4,42.61,42.16,,28.33,50.27,32.84,45.28,49.88,41.79,49.87,44.82,50.48,57.36,41.7,33.13,41.02,27.23,47.92,45.42,51.82,42.05,50.58,50.04,36.92,32.7,43.06,43.5,53.41,43.44,29.93,45.42,30.26,43.7,42.54,2020-04-01
2020,05,49.88,37.72,43.6,38.97,49.04,51.77,57.02,40.66,43.35,43.72,52.21,52.41,36.39,42.69,35.92,24.21,42.74,34.56,29.2,58.87,34.99,49.03,28.12,36.98,46.18,50.65,32.69,38.1,38.81,33.96,49.51,27.09,42.02,36.78,,23.93,56.3,30.46,46.23,44.95,37.33,53.35,47.96,52.15,36.89,33.1,25.91,35.11,25.96,45.78,44.33,49.03,47.85,44.78,52.35,36.08,27.75,41.16,39.94,48.13,42.79,25.93,45.02,25.28,44.33,40.94,2020-05-01
2020,06,48.85,46.38,51.58,44.96,49.78,50.35,61.61,41.28,35.68,35.96,51.74,54.89,43.78,47.82,42.66,21.71,48.1,30.14,15.83,62.07,38.12,47.45,23.24,35.2,54.76,52.13,32.71,51.05,32.7,38.05,52.42,21.55,51.79,47.26,,20.59,60.21,35.17,51.77,51.86,29.19,56.68,48.65,56.21,39.95,30.42,25.38,37.42,22.25,55.17,55.64,50.08,49.71,53.2,56.31,28.06,24.47,52.82,53.74,45.81,47.63,35.14,54.59,29.5,53.62,43.36,2020-06-01
2020,07,48.72,44.79,53.63,41.68,49.08,55.65,57.15,39.8,35.07,36.66,55.68,55.08,39.15,48.02,41.53,25.95,47.86,28.33,16.69,64.62,38.95,52.97,20.82,29.68,58.56,54.1,33.66,48.82,33.8,37.59,50.93,20.27,50.98,43.08,,22.98,61.62,33.34,50.86,50.83,29.44,60.99,48.84,56.39,34.64,32.08,26.18,38.67,22.01,59.22,54.24,45.15,48.94,54.01,58.56,27.25,22.71,52.56,51.83,50.54,44.34,32.73,57.8,29.91,52.07,43.28,2020-07-01
2020,08,53.11,56.84,66.24,49.12,56.94,63.28,60.06,49.94,52.11,46.11,57.78,57.32,48.03,57.53,48.03,32.03,47.1,42.64,23.26,68.08,44.35,57.74,31.95,38.42,63.55,57.21,48.25,59.89,41.21,42.82,56.89,29.65,59.61,46.31,,36.75,62.55,42.02,56.06,55.64,40.01,60.02,55.67,62.79,41.11,39.55,40.63,37.85,39.31,68.7,63.29,52.63,54.76,65.04,60.03,39.4,42.01,61.4,62.84,54.34,51.19,43.5,63.47,28.04,59.26,50.83,2020-08-01
2020,09,48.11,45.51,47.06,50.0,48.86,56.61,52.73,40.76,46.41,40.12,50.42,52.74,45.99,51.23,41.89,24.16,47.95,36.79,16.98,62.48,33.28,51.81,25.87,33.33,54.0,56.17,35.06,47.25,33.0,30.52,55.94,20.59,47.47,40.2,,28.39,58.91,41.93,53.18,53.18,34.43,55.34,45.06,53.2,36.77,36.14,30.24,39.06,26.12,56.42,49.81,47.69,48.74,49.02,55.29,28.57,27.74,45.04,49.75,47.82,48.18,32.64,54.18,22.58,53.05,43.43,2020-09-01
2020,10,56.56,31.14,41.77,49.87,48.26,60.35,54.98,45.73,41.29,46.79,53.73,51.46,49.39,51.2,42.63,27.23,46.08,44.6,21.33,64.5,41.58,44.58,26.13,45.65,52.78,50.75,37.48,37.12,46.36,27.98,54.94,24.28,41.99,43.28,,33.39,61.3,39.86,54.72,54.09,42.64,57.51,45.41,56.47,42.88,38.86,31.04,41.36,32.13,53.38,44.85,55.53,50.14,50.13,56.18,33.24,34.77,35.95,44.3,42.26,51.11,31.35,51.65,21.13,53.9,44.46,2020-10-01
2020,11,38.45,35.92,43.08,35.6,43.7,55.69,51.05,36.6,40.1,36.76,44.31,50.3,28.53,30.77,45.88,21.77,31.49,38.78,20.46,63.93,27.85,41.28,25.37,31.44,43.95,35.13,31.08,40.94,41.97,33.28,52.84,21.11,42.86,53.02,,21.55,55.66,23.62,47.99,48.4,31.74,67.19,43.3,51.6,27.73,34.75,23.68,38.96,22.85,51.37,44.89,39.63,41.07,40.43,57.15,24.31,21.21,33.67,35.83,41.95,44.91,22.58,47.75,29.71,36.46,38.55,2020-11-01
2020,12,42.88,41.4,48.78,37.75,47.64,56.86,53.16,40.24,33.35,37.98,46.52,51.72,33.76,35.18,42.75,25.89,34.87,35.54,19.33,63.88,35.67,41.53,24.12,30.71,46.61,40.81,29.14,41.67,34.82,37.31,50.08,20.56,44.06,44.61,,22.41,63.62,25.69,41.8,51.04,36.32,75.03,46.78,52.55,61.83,30.52,22.74,33.36,23.05,51.65,45.54,42.98,46.75,46.22,58.61,25.33,26.06,35.99,41.91,43.29,50.71,24.89,47.55,27.51,40.89,40.53,2020-12-01
2021,01,34.9,50.44,54.73,38.39,40.31,56.91,49.99,34.58,40.59,29.76,44.53,48.87,34.94,35.87,49.5,26.54,33.78,34.24,16.48,64.26,27.65,52.04,22.57,33.11,53.07,52.36,25.07,48.11,30.29,48.82,43.79,20.12,53.29,35.76,,21.85,56.87,33.85,32.61,54.1,36.83,70.94,44.15,51.48,65.49,32.18,23.64,24.7,20.38,59.28,53.26,34.11,42.63,50.36,57.76,25.28,19.44,50.16,45.4,51.74,45.21,26.48,52.75,26.03,40.68,40.86,2021-01-01
2021,02,47.53,57.79,63.6,48.71,52.34,68.81,56.53,53.27,53.01,42.76,56.61,60.24,46.29,51.06,55.86,33.84,45.26,41.35,28.1,71.33,42.49,60.18,32.33,42.8,63.71,64.07,36.97,58.96,41.17,51.23,54.8,33.11,60.44,58.89,,27.26,64.18,42.47,47.22,61.94,55.71,69.53,56.98,62.17,76.05,39.53,32.55,29.49,31.12,63.4,58.91,48.09,54.43,63.57,65.95,37.12,33.22,59.1,61.34,70.35,60.88,39.77,63.25,30.34,56.22,51.52,2021-02-01
2021,03,49.46,51.55,56.48,46.28,50.92,60.01,58.32,52.42,41.41,42.78,62.65,61.97,35.12,46.68,46.46,34.46,35.38,42.21,28.23,69.65,43.0,48.97,38.26,38.04,57.66,53.63,33.98,52.83,37.84,45.34,55.11,31.43,57.99,54.1,,27.86,61.69,30.94,47.53,61.91,47.45,74.43,55.2,59.39,79.22,41.06,31.84,32.49,29.32,62.24,58.68,54.85,52.99,56.11,66.11,33.58,32.25,55.05,57.01,52.91,57.27,35.48,62.68,31.74,47.94,48.72,2021-03-01
2021,04,56.07,39.99,42.66,49.49,56.97,56.54,57.27,53.03,42.25,54.31,67.38,59.52,42.74,48.38,37.93,38.77,40.94,49.53,39.33,66.03,47.54,53.39,38.06,49.11,55.18,54.46,46.49,40.73,45.73,34.61,61.95,38.37,46.68,51.17,,40.82,65.35,38.55,55.24,54.2,46.81,69.53,56.65,57.36,67.22,45.62,40.38,40.59,39.26,51.79,49.16,55.04,51.54,51.07,61.14,43.22,36.55,46.54,45.15,47.95,56.14,32.81,56.47,31.16,52.2,49.19,2021-04-01
2021,05,53.49,36.99,44.84,42.54,53.73,65.02,57.83,45.57,41.45,47.39,60.39,61.94,37.06,46.97,33.35,28.81,36.9,38.83,18.76,73.76,42.52,50.61,29.42,36.81,58.82,51.05,34.75,42.16,38.88,29.31,58.95,26.73,48.05,39.88,,30.2,61.11,33.62,53.31,54.19,37.95,69.58,54.03,56.47,49.99,39.13,34.23,28.19,25.84,53.29,49.54,49.01,49.34,52.26,63.11,30.63,35.13,52.07,48.05,44.21,47.43,34.12,56.65,26.48,49.05,45.03,2021-05-01
2021,06,58.98,43.44,51.15,47.14,57.76,62.61,52.72,53.02,40.17,50.59,60.79,58.34,46.32,50.46,46.12,28.9,44.94,46.29,18.33,65.66,50.7,53.12,31.43,48.94,60.3,57.87,34.93,44.7,49.85,35.58,60.24,33.9,49.36,52.86,,28.98,58.78,46.22,55.93,51.2,43.42,61.51,55.03,53.48,60.52,40.96,36.24,31.54,27.03,54.58,50.41,55.65,51.24,49.15,56.71,32.48,37.21,51.81,48.12,42.06,52.75,35.19,53.93,29.91,54.45,47.72,2021-06-01
2021,07,57.69,45.49,54.45,50.48,56.97,64.24,54.72,53.87,46.77,52.22,65.73,56.48,48.45,54.25,42.55,29.49,54.04,46.83,22.14,70.2,47.89,59.63,32.94,44.56,55.93,55.8,39.83,46.01,46.96,37.61,56.6,33.16,51.06,47.06,,37.45,58.27,48.42,52.03,56.6,42.32,64.72,57.1,56.68,69.11,47.98,36.7,37.19,40.5,58.41,55.37,53.81,52.37,52.38,58.38,39.12,40.93,54.34,55.52,50.66,50.27,44.26,57.16,26.13,55.74,49.88,2021-07-01
2021,08,48.61,34.61,38.52,46.34,49.0,51.85,50.59,40.82,40.39,44.36,62.11,51.18,43.69,49.91,32.07,24.72,46.6,38.11,18.69,66.17,38.03,48.83,29.35,37.85,49.12,56.3,41.63,34.04,49.01,27.6,52.7,29.77,43.65,44.42,,33.14,54.74,44.83,49.12,47.36,39.47,62.32,48.88,49.67,55.4,39.72,35.16,32.31,28.07,52.96,42.86,48.12,44.58,42.88,56.99,31.43,30.32,46.98,45.27,44.49,42.01,39.08,52.57,25.7,51.94,43.42,2021-08-01
2021,09,48.71,46.69,38.6,44.48,47.37,50.33,55.16,43.09,40.4,44.93,54.81,49.54,38.95,48.4,38.21,26.76,45.38,29.72,17.8,65.45,37.53,52.09,26.29,39.98,53.46,49.82,38.83,36.34,51.67,25.81,53.88,30.74,46.56,39.31,,32.97,56.76,39.11,51.86,51.86,47.27,64.63,49.16,48.68,40.45,39.95,36.32,27.49,25.93,57.3,49.83,46.49,42.43,45.58,61.73,30.7,38.7,53.23,49.96,48.49,45.3,40.89,53.29,25.77,48.22,43.87,2021-09-01
2021,10,53.16,40.37,42.17,45.92,50.0,60.8,55.76,48.95,44.9,47.43,59.5,53.16,43.52,51.73,37.61,27.58,45.28,41.11,26.64,73.45,48.14,54.94,31.84,45.79,54.76,52.42,28.34,34.26,48.05,29.44,60.73,38.28,48.03,42.48,,33.52,59.28,40.15,54.43,47.69,48.92,65.78,48.96,54.24,45.54,39.83,36.91,37.52,28.21,55.37,49.25,53.05,50.32,43.66,66.31,32.0,32.76,46.33,41.79,50.12,51.7,45.46,53.33,30.25,52.31,46.27,2021-10-01
2021,11,42.61,26.02,30.88,40.69,44.26,53.94,53.95,39.29,30.63,39.92,51.71,50.36,29.03,35.54,28.2,24.96,29.33,30.84,16.18,70.19,33.96,34.62,28.18,36.12,49.43,35.12,25.27,38.48,46.58,24.79,53.61,29.4,39.79,36.03,,24.28,57.25,24.07,51.11,41.66,42.13,56.64,47.09,44.94,31.2,30.93,24.22,32.15,53.71,49.64,40.11,40.95,41.94,36.49,61.28,24.54,25.29,36.97,33.42,38.59,49.62,30.95,47.91,26.22,37.75,38.48,2021-11-01
2021,12,40.5,45.25,44.93,44.79,43.26,56.09,55.67,37.37,42.23,43.56,49.93,54.18,36.21,36.51,43.99,24.21,36.56,38.02,15.47,80.28,33.71,48.56,39.49,30.39,54.39,39.97,24.24,51.6,36.92,44.33,51.46,25.81,48.46,42.77,,25.48,54.79,33.91,43.51,46.7,36.59,59.94,50.37,48.53,37.45,37.42,30.38,31.91,60.24,56.93,49.4,39.11,45.31,47.46,65.1,25.56,26.63,47.37,46.66,49.58,44.27,40.51,51.19,42.95,38.75,43.05,2021-12-01
2022,01,39.06,50.7,54.56,45.12,42.3,65.79,59.36,36.6,51.98,44.12,47.6,58.03,39.33,41.98,49.89,34.84,39.68,33.47,25.06,69.17,31.58,58.46,38.58,26.98,54.34,52.45,25.28,58.27,43.4,50.57,46.44,30.58,58.17,45.87,,30.26,54.0,37.21,42.07,59.28,38.41,66.58,51.89,53.57,44.05,44.71,29.08,34.94,61.2,64.74,58.47,34.43,44.15,57.54,69.53,34.39,31.86,57.06,57.19,61.67,42.25,48.11,58.36,47.64,44.13,47.01,2022-01-01
2022,02,37.12,42.47,49.39,44.57,42.48,57.1,52.06,35.33,36.06,46.55,47.52,58.36,27.06,33.73,39.79,32.85,28.98,31.81,19.35,64.08,28.45,45.05,38.33,21.39,49.87,38.75,33.58,48.74,32.39,38.17,48.27,26.94,50.25,40.03,,29.41,53.42,28.96,39.5,52.45,36.27,61.51,50.09,43.61,32.31,40.19,30.23,31.17,55.34,57.19,50.97,31.73,53.22,46.66,56.68,37.9,32.19,49.04,43.07,47.58,34.9,37.69,53.36,45.28,34.28,41.61,2022-02-01
2022,03,45.46,42.4,47.11,39.54,48.17,59.25,55.03,40.24,49.56,51.51,52.21,49.8,36.15,42.39,40.75,38.31,37.46,33.19,19.5,59.86,36.31,54.36,30.06,28.09,55.23,53.25,29.7,49.4,38.54,38.88,52.29,26.58,50.76,31.9,,31.09,56.9,32.07,48.93,53.87,35.98,63.19,54.89,49.49,34.17,41.34,35.2,30.67,28.63,56.05,48.24,45.41,65.62,49.18,58.47,36.63,33.72,49.85,46.17,54.5,48.17,46.59,55.94,43.44,41.01,44.35,2022-03-01
2022,04,50.65,44.81,46.82,44.24,50.21,62.69,58.14,44.28,48.88,52.06,56.77,55.73,35.48,43.68,43.17,37.19,40.4,35.18,24.24,63.24,40.72,52.62,35.6,43.1,59.14,57.67,29.87,48.1,38.51,37.78,58.96,31.21,51.75,37.61,,30.2,65.15,35.8,59.23,53.79,53.85,63.54,55.49,53.89,33.47,42.3,38.18,35.41,31.08,59.71,50.86,51.61,72.73,46.7,63.69,34.62,40.25,53.01,46.85,50.58,49.92,46.59,56.67,43.5,41.77,47.2,2022-04-01
2022,05,54.36,41.06,47.97,37.53,57.57,56.82,54.69,43.98,47.46,45.49,57.93,50.83,40.15,52.65,44.22,34.5,37.1,31.54,21.83,60.87,43.7,59.46,37.35,39.54,63.26,64.28,32.97,37.34,56.92,28.44,53.53,31.47,41.82,49.61,,28.41,78.02,28.23,54.38,54.28,56.83,54.59,48.56,48.02,34.97,38.71,33.76,27.37,31.72,56.08,45.2,38.46,62.4,49.19,58.63,32.59,46.07,55.63,49.15,44.93,34.32,45.99,56.82,45.95,46.78,46.0,2022-05-01
